Job:,X2L3QBJL_S_12_P5,,,,Date:2/4/2024 6:30:06 PM
Lot:,24200214-001,,,,System:OFFLINE45
Wafer ID:,Q33838425E4,,,,Ver:5.9.2-1035


2,74,527.2843554,2257.88148756,8.608908,5.082,Good
4,62,1230.75844679,2259.5453649,48.783812,28.798,Good
5,62,24.33227416,2260.71547081,8.608908,5.082,Good
5,69,1324.28708314,77.0570243,123.394348,5.082,F07 Incoming microlens periphery peeling
5,69,1325.13427526,99.08403118,28.69636,3.388,F07 Incoming microlens periphery peeling
5,72,1311.9669221,355.22672853,17.217816,3.388,Good
6,64,631.94277181,22.19676224,282.553992,47.544,Good
6,64,781.36077098,22.19676224,302.73642,47.544,Good
7,62,1040.72228082,2255.17287459,77.480172,25.41,F07 Incoming microlens periphery peeling
7,74,226.17284625,2255.52075464,48.783812,15.246,Good
7,82,1170.89195675,516.12482882,327.138504,28.798,F06 Incoming others
8,38,53.88441032,2254.87946132,20.087452,5.082,F07 Incoming microlens periphery peeling
8,71,23.92783178,2258.59432351,14.34818,6.776,Good
8,75,1075.04844543,2258.4127396,14.34818,8.47,Good
8,82,51.74934468,2255.13889776,17.217816,3.388,F07 Incoming microlens periphery peeling
9,40,738.12929986,2256.16926444,8.608908,5.082,Good
9,49,26.84783207,2256.37127996,11.478544,3.388,Good
9,63,92.5122748,2255.11582155,8.608908,5.082,Good
9,76,78.00636164,2253.79705984,8.608908,5.082,F07 Incoming microlens periphery peeling
9,76,153.40645986,2254.64425241,28.69636,6.776,F07 Incoming microlens periphery peeling
9,76,196.61325772,2255.49144498,17.217816,5.082,F07 Incoming microlens periphery peeling
9,76,296.58192728,2253.79705984,8.608908,5.082,F07 Incoming microlens periphery peeling
9,76,312.67857746,2255.49144498,54.523084,16.94,F07 Incoming microlens periphery peeling
9,76,341.48310937,2255.49144498,11.478544,3.388,F07 Incoming microlens periphery peeling
9,87,398.47726629,2254.15912983,17.217816,5.082,F07 Incoming microlens periphery peeling
9,87,435.75371934,2255.0063224,22.957088,5.082,F07 Incoming microlens periphery peeling
10,73,1285.73456189,2257.43382466,14.34818,8.47,Good
10,87,533.65473896,2256.63147519,22.957088,8.47,F07 Incoming microlens periphery peeling
11,73,1253.36126316,2254.96556055,48.783812,13.552,F06 Incoming others
12,63,29.86981959,2259.7570288,28.69636,16.94,Good
13,52,1316.60314837,168.19401071,375.922316,16.94,F99 Others
14,58,1325.89009277,1415.74459805,8.608908,1.694,Good
14,75,1287.88505024,2257.35637292,14.34818,8.47,F07 Incoming microlens periphery peeling
16,75,1321.80600887,2257.2874434,43.04454,11.858,Good
17,40,42.84828137,2255.64650169,83.219444,32.186,Good
18,62,1294.09212418,2255.87262771,57.39272,22.022,Good
19,26,1324.97076353,603.55876795,11.478544,1.694,F07 Incoming microlens periphery peeling
19,27,1327.01005116,2245.80427924,17.217816,1.694,Good
19,85,567.19251402,2259.16973405,22.957088,13.552,Good
19,93,1132.60686742,2216.91784587,334.451664,30.564,F29 Silicon powder
21,87,350.08072268,2254.48417615,54.523084,25.41,F07 Incoming microlens periphery peeling
22,32,122.99970266,100.78101321,373.05268,13.552,F06 Incoming others
22,75,280.06675108,2258.69640466,25.826724,15.246,Good
23,44,443.48820965,2258.40725653,14.34818,8.47,Good
23,62,542.98071203,2258.38426851,8.608908,5.082,Good
24,73,295.7966099,2257.73321295,48.783812,28.798,Good
25,74,1321.5356312,2258.52984839,11.478544,6.776,Good
25,75,665.13919583,2257.50130299,22.957088,13.552,F13 Pad area damage
25,75,1318.32431641,2257.50130299,66.001628,16.94,F07 Incoming microlens periphery peeling
26,65,711.76924462,2258.41113821,20.087452,11.858,Good
26,94,271.59309979,2252.8740855,68.871264,6.776,F99 Others
27,81,57.64072134,2258.9087492,11.478544,6.776,Good
28,37,162.55516186,59.1833362,296.970012,27.168,F29 Silicon powder
28,37,1312.22687034,21.49865473,43.04454,6.776,F13 Pad area damage
28,60,1314.26807695,2255.13381335,28.69636,5.082,F07 Incoming microlens periphery peeling
28,63,1322.30616074,1843.72533408,189.395976,6.776,F07 Incoming microlens periphery peeling
28,74,626.06140139,2257.45805666,25.826724,10.164,Good
28,74,637.07489888,2257.45805666,17.217816,10.164,Good
28,75,1186.07925084,2255.66894861,17.217816,6.776,F07 Incoming microlens periphery peeling
28,82,1310.1486764,2256.35867738,20.087452,5.082,F07 Incoming microlens periphery peeling
29,52,25.06329897,2256.78910159,37.305268,10.164,Good
29,52,34.38241223,2256.78910159,17.217816,5.082,Good
29,59,174.06721849,21.9104061,723.684204,157.914,Good
30,23,1325.09340107,2167.42407181,25.826724,3.388,F07 Incoming microlens periphery peeling
30,56,1322.9515165,637.23801045,14.34818,3.388,F99 Others
30,71,52.69611391,2256.53110056,11.478544,1.694,F07 Incoming microlens periphery peeling
30,92,37.40809695,22.65863616,126.860976,30.564,Good
30,92,109.7171835,2259.01592973,37.305268,22.022,Good
30,93,54.48943661,2256.33318736,25.826724,5.082,F07 Incoming microlens periphery peeling
32,39,156.81668509,61.97029073,461.31264,32.262,F29 Silicon powder
32,40,120.77033102,2255.76450851,8.608908,5.082,Good
32,75,539.06450036,2256.34627015,14.34818,8.47,Good
33,75,32.94636072,2258.99505832,20.087452,11.858,Good
33,75,99.8745378,2257.30067318,31.565996,13.552,Good
33,75,1322.35921076,2259.03101838,14.34818,8.47,Good
33,87,198.88114236,2256.69880382,8.608908,5.082,Good
34,39,147.06451513,60.56283557,354.634092,25.47,F29 Silicon powder
34,87,246.11997048,2258.95358301,11.478544,6.776,Good
36,31,169.85568494,59.37364454,360.4005,27.168,F29 Silicon powder
36,75,482.64867164,2256.60255187,11.478544,6.776,Good
37,18,262.66564565,2257.39543962,11.478544,6.776,Good
37,18,289.77579332,2257.39543962,17.217816,10.164,Good
37,18,300.78929082,2257.39543962,14.34818,8.47,Good
37,75,202.89616511,2257.53516822,40.174904,23.716,Good
37,75,247.7973472,2257.53516822,106.176532,42.35,Good
38,16,747.80684021,2256.42446536,43.04454,22.022,Good
38,17,342.79522066,2256.42981887,45.914176,27.104,Good
38,18,1311.30167699,2259.65386617,8.608908,5.082,Good
39,17,168.6874427,2255.74210097,48.783812,20.328,Good
39,17,272.89207283,2256.58929354,57.39272,33.88,Good
39,17,664.29482991,2256.58929354,17.217816,10.164,Good
39,17,799.84556829,2255.74210097,109.046168,42.35,Good
39,17,821.02537116,2256.58929354,28.69636,16.94,Good
39,17,962.50645435,2256.58929354,34.435632,20.328,Good
40,16,393.9867132,2255.48979265,134.872892,33.88,F07 Incoming microlens periphery peeling
40,16,414.68214106,2254.56520653,321.399232,72.842,F07 Incoming microlens periphery peeling
40,16,438.04070318,2256.33698523,74.610536,22.022,F07 Incoming microlens periphery peeling
40,16,473.25490003,2257.31500575,8.608908,5.082,F07 Incoming microlens periphery peeling
40,17,214.2160746,2257.46985583,120.524712,47.432,Good
40,17,231.96679447,2258.50222775,17.217816,10.164,Good
40,17,315.87912839,2256.62266326,149.221072,44.044,Good
40,17,797.0439351,2258.50222775,25.826724,15.246,Good
40,18,788.86581209,2257.23513466,66.001628,38.962,Good
40,23,178.97475509,60.17048754,351.750888,28.866,F29 Silicon powder
41,16,73.25636839,2256.91455397,106.176532,33.88,F07 Incoming microlens periphery peeling
41,16,102.0609003,2256.0673614,88.958716,28.798,F07 Incoming microlens periphery peeling
41,17,390.21250592,2258.84313066,11.478544,6.776,Good
41,17,406.30915611,2258.84313066,25.826724,15.246,Good
41,17,762.97703648,2258.84313066,22.957088,13.552,Good
41,17,787.54560781,2256.30155294,71.7409,25.41,Good
41,17,1170.47644374,2258.84313066,8.608908,5.082,Good
41,17,1181.48994123,2258.84313066,22.957088,13.552,Good
41,18,281.74496575,2258.09034562,25.826724,15.246,Good
41,18,310.39363636,2258.47049209,11.478544,6.776,Good
41,18,320.55994174,2258.47049209,17.217816,10.164,Good
41,18,734.99274721,2258.09034562,17.217816,10.164,Good
41,18,1220.43382904,2258.09034562,17.217816,10.164,Good
41,18,1241.61363192,2258.09034562,14.34818,8.47,Good
42,17,682.10611793,2257.51648862,51.653448,30.492,Good
42,18,577.96384378,2256.90703983,63.131992,37.268,F13 Pad area damage
42,18,1198.10847188,2256.05984726,83.219444,30.492,F07 Incoming microlens periphery peeling
42,18,1220.98265898,2256.05984726,83.219444,37.268,F07 Incoming microlens periphery peeling
42,18,1236.26334176,2255.0430992,45.914176,13.552,F07 Incoming microlens periphery peeling
42,87,623.01570282,2258.01727694,17.217816,10.164,Good
43,62,1317.27670783,2257.66034101,31.565996,16.94,Good
44,16,693.38608636,2257.17685031,37.305268,20.328,Good
44,17,1031.94521739,2256.27153436,180.787068,35.574,F07 Incoming microlens periphery peeling
44,17,1058.20817295,2257.11872693,48.783812,13.552,F07 Incoming microlens periphery peeling
44,20,171.9383256,60.34485549,429.597396,30.564,F29 Silicon powder
44,24,171.21873801,59.76811051,354.634092,30.564,F29 Silicon powder
44,75,1309.94319983,2258.06380411,8.608908,5.082,Good
44,109,1137.01397744,2217.8908294,397.882152,37.356,F29 Silicon powder
44,112,1324.78811111,1668.57410622,14.34818,3.388,Good
45,18,573.94482073,2257.25340043,48.783812,22.022,Good
45,75,1313.75066222,2259.07651135,8.608908,5.082,Good
45,75,1321.37539125,2258.22931878,22.957088,6.776,Good
45,89,1322.32658439,671.1624657,31.565996,5.082,F07 Incoming microlens periphery peeling
46,18,1154.86988935,2253.92890043,25.826724,6.776,F07 Incoming microlens periphery peeling
46,18,1182.82722914,2253.92890043,60.262356,27.104,F07 Incoming microlens periphery peeling
46,18,1198.0766872,2255.62328557,20.087452,11.858,F07 Incoming microlens periphery peeling
46,75,491.01335677,2257.5593809,63.131992,37.268,Good
46,75,510.49877541,2257.5593809,17.217816,10.164,Good
46,76,505.52506119,2258.98737085,28.69636,16.94,Good
47,12,1321.82363109,50.5079095,8.608908,1.694,F07 Incoming microlens periphery peeling
47,12,1324.36520744,28.48090262,14.34818,3.388,F07 Incoming microlens periphery peeling
47,17,490.15562291,2255.54907139,14.34818,5.082,Good
47,17,510.45090793,2256.42654492,14.34818,5.082,Good
47,76,1323.05052239,2099.95922887,20.087452,5.082,F07 Incoming microlens periphery peeling
47,76,1323.05052239,2122.83342832,63.131992,5.082,F07 Incoming microlens periphery peeling
47,103,32.31053955,2254.58076696,17.217816,3.388,F99 Others
48,17,560.01921767,2255.92366717,51.653448,13.552,F07 Incoming microlens periphery peeling
48,17,598.14286284,2257.61805231,31.565996,18.634,F07 Incoming microlens periphery peeling
48,17,612.54512879,2255.92366717,48.783812,13.552,F07 Incoming microlens periphery peeling
48,17,626.10020263,2255.92366717,22.957088,6.776,F07 Incoming microlens periphery peeling
48,22,22.94911078,1327.79664333,222.006708,5.094,Good
48,54,713.08898128,2258.4940132,11.478544,6.776,Good
48,73,1323.90866499,1835.49228912,31.565996,3.388,F07 Incoming microlens periphery peeling
48,86,696.9877295,2257.68851857,45.914176,27.104,Good
48,87,687.71138601,2257.49975507,51.653448,30.492,Good
49,17,533.47762118,2255.5594103,252.527968,60.984,F07 Incoming microlens periphery peeling
49,18,488.90732254,2257.94119024,74.610536,25.41,Good
49,18,510.26867551,2258.39000382,11.478544,6.776,Good
49,83,553.1155282,2258.3079223,17.217816,10.164,Good
50,16,597.85587148,2257.47910649,11.478544,6.776,Good
50,16,710.52929166,2253.31060094,22.957088,8.47,Good
50,16,757.12798908,2254.93752877,20.087452,6.776,Good
50,21,1151.074232,411.97319852,387.40086,28.798,F06 Incoming others
50,27,1317.60085357,2256.60555236,63.131992,11.858,F07 Incoming microlens periphery peeling
50,70,1295.95549718,22.1939693,276.787584,61.128,Good
50,75,1188.31445784,2256.88195852,11.478544,6.776,Good
51,17,458.60862047,2256.96988519,31.565996,18.634,Good
51,17,754.41601015,2256.31363642,11.478544,6.776,Good
51,17,766.27669976,2256.31363642,11.478544,6.776,Good
51,30,26.13491046,2256.92757357,17.217816,5.082,Good
51,48,1312.86141172,21.65016231,40.174904,8.47,F07 Incoming microlens periphery peeling
52,60,54.94690456,2256.3025577,20.087452,5.082,F07 Incoming microlens periphery peeling
52,71,53.70548896,2255.91286884,20.087452,5.082,F07 Incoming microlens periphery peeling
52,81,111.24916695,2257.49332189,66.001628,25.41,Good
53,17,1297.08657759,2256.78555885,54.523084,18.634,F07 Incoming microlens periphery peeling
53,17,1323.34953315,2251.70240342,31.565996,6.776,F07 Incoming microlens periphery peeling
53,40,327.90266954,2255.87935534,54.523084,16.94,F07 Incoming microlens periphery peeling
53,62,1314.69730669,2258.95521593,8.608908,5.082,Good
53,86,1198.63560034,2258.10777756,63.131992,37.268,Good
54,17,89.82069576,2254.47164103,31.565996,8.47,F07 Incoming microlens periphery peeling
54,17,103.3757696,2252.77725589,28.69636,11.858,F13 Pad area damage
54,17,146.58256746,2254.47164103,134.872892,27.104,F13 Pad area damage
54,19,1325.06482776,2195.81588751,20.087452,1.694,Good
54,73,809.09120797,2256.40931936,88.958716,33.88,F07 Incoming microlens periphery peeling
55,10,697.20701419,2258.06348443,31.565996,18.634,Good
55,32,1321.40574598,2258.13501548,11.478544,6.776,Good
56,16,28.86625805,2258.64871986,8.608908,5.082,F13 Pad area damage
56,16,252.52497638,2256.10714215,43.04454,18.634,F13 Pad area damage
56,16,1046.34398803,2255.25994958,232.440516,57.596,F07 Incoming microlens periphery peeling
56,17,301.42169844,2257.99794948,66.001628,22.022,Good
56,17,834.30553871,2257.99794948,34.435632,20.328,Good
56,17,891.91460252,2257.99794948,14.34818,8.47,Good
56,17,900.38652367,2257.99794948,8.608908,5.082,Good
56,17,944.44051365,2257.99794948,80.349808,47.432,Good
56,17,955.45401114,2257.99794948,17.217816,10.164,Good
56,17,1200.21082578,2258.18046219,14.34818,8.47,Good
56,51,138.11374052,2257.35560667,8.608908,5.082,Good
56,62,278.68957718,2258.99327837,8.608908,5.082,Good
57,16,473.37646773,2257.58820911,8.608908,5.082,Good
57,17,121.2891633,2256.91228186,28.69636,16.94,F13 Pad area damage
57,17,191.60610883,2256.91228186,20.087452,11.858,F13 Pad area damage
57,17,641.46512184,2255.21789672,169.308524,55.902,F07 Incoming microlens periphery peeling
57,17,1143.00285385,2254.37070415,111.915804,20.328,F07 Incoming microlens periphery peeling
57,17,1162.4882725,2255.21789672,54.523084,13.552,F07 Incoming microlens periphery peeling
57,17,1181.12649902,2256.91228186,34.435632,20.328,F07 Incoming microlens periphery peeling
58,17,1100.56282754,2256.6218624,11.478544,6.776,Good
58,18,67.16936884,2257.51802642,22.957088,13.552,Good
59,16,945.40147808,2258.11240838,22.957088,13.552,Good
59,17,80.12515922,2257.59734292,45.914176,27.104,Good
59,17,95.37461728,2257.59734292,28.69636,16.94,Good
59,17,180.09382877,2257.59734292,17.217816,10.164,Good
59,17,396.97501019,2255.90295778,120.524712,32.186,Good
59,17,473.22230053,2257.59734292,68.871264,40.656,Good
59,40,103.33602465,2258.5560737,8.608908,5.082,Good
60,16,293.63407717,2258.62275316,22.957088,13.552,Good
60,16,313.11949581,2258.62275316,20.087452,11.858,Good
60,17,530.31838745,2257.08873768,66.001628,25.41,Good
60,17,734.46321963,2257.8678531,22.957088,13.552,Good
60,17,1195.48218807,2255.04694003,286.9636,60.984,Good
60,17,1226.68183838,2257.8678531,8.608908,5.082,Good
60,81,77.73163531,2257.33155465,40.174904,18.634,Good
61,16,688.41046386,2255.77862845,48.783812,25.41,Good
61,16,1211.12799875,2256.62582102,11.478544,6.776,Good
61,16,1222.98868835,2256.62582102,11.478544,6.776,Good
61,17,332.75324763,2256.93474518,8.608908,5.082,Good
61,17,340.37797666,2256.93474518,11.478544,6.776,Good
62,17,797.2359935,2255.39818676,192.265612,59.29,F07 Incoming microlens periphery peeling
62,17,1070.87904661,2257.93976447,11.478544,6.776,F07 Incoming microlens periphery peeling
62,18,213.03093835,2257.87816508,8.608908,5.082,Good
62,73,1209.93410088,2256.56185123,17.217816,8.47,Good
63,11,286.47741995,2257.76737544,20.087452,11.858,Good
63,46,131.67946934,615.52599085,261.136876,16.94,F06 Incoming others
64,73,573.41068831,2257.98713841,14.34818,8.47,Good
64,106,112.97337989,108.78929219,209.483428,8.47,F06 Incoming others
65,73,1318.73423744,2256.75108439,68.871264,16.94,F07 Incoming microlens periphery peeling
66,16,69.94310539,2258.11304273,17.217816,10.164,Good
66,17,88.28781331,2256.49878132,28.69636,11.858,F07 Incoming microlens periphery peeling
66,17,121.76552981,2254.52890934,309.920688,76.23,F07 Incoming microlens periphery peeling
66,112,1324.91760839,1109.96093129,8.608908,1.694,Good
67,5,1015.7993142,2242.301574,8.608908,5.082,F06 Incoming others
68,18,759.3286011,2256.88631986,17.217816,10.164,Good
68,48,21.47472647,209.87212883,446.89662,5.094,Good
68,59,22.2735555,208.21850974,449.779824,5.094,Good
68,81,22.65488917,208.47919805,446.89662,5.094,Good
68,87,511.17362043,2256.89948508,11.478544,6.776,Good
68,92,22.03325046,207.611567,446.89662,5.094,Good
69,16,349.55397142,2256.94042545,51.653448,30.492,Good
70,16,83.92226486,2257.48269398,8.608908,5.082,Good
70,43,706.00328573,2258.44652418,17.217816,10.164,Good
71,16,607.31285302,2255.59288362,45.914176,11.858,F07 Incoming microlens periphery peeling
71,16,629.33984801,2255.59288362,86.08908,22.022,F07 Incoming microlens periphery peeling
71,16,648.82526665,2256.44007619,40.174904,11.858,F07 Incoming microlens periphery peeling
71,30,1282.767784,21.80050654,60.547284,13.584,Good
71,76,789.03363106,2257.80880552,28.69636,16.94,Good
72,97,782.77482125,23.01365429,222.006708,45.846,Good
72,103,1301.66837657,22.2571146,17.217816,3.388,F07 Incoming microlens periphery peeling
72,114,854.3234533,23.61013117,853.428384,157.914,Good
72,114,1094.58080423,23.61013117,928.391688,159.612,Good
73,17,237.79751269,2256.29683565,134.872892,50.82,Good
73,17,522.45406329,2256.29683565,91.828352,33.88,Good
73,18,1124.74557934,2256.74769121,57.39272,15.246,F07 Incoming microlens periphery peeling
73,27,1309.92375526,2257.15875417,28.69636,5.082,F07 Incoming microlens periphery peeling
73,40,1270.18337066,2255.42282441,43.04454,8.47,F07 Incoming microlens periphery peeling
73,40,1280.34967604,2256.27001698,20.087452,8.47,F07 Incoming microlens periphery peeling
73,48,1205.67142988,21.5027406,46.131264,10.188,Good
73,104,1314.86642664,2256.19842847,25.826724,5.082,F07 Incoming microlens periphery peeling
74,17,158.68121947,2257.08383624,17.217816,10.164,Good
74,49,53.60280477,2255.73213717,17.217816,5.082,F07 Incoming microlens periphery peeling
74,60,53.52791197,2255.09967154,8.608908,1.694,F07 Incoming microlens periphery peeling
74,69,25.77148931,21.47757421,8.608908,5.082,Good
74,70,107.87231626,2257.50904632,34.435632,20.328,Good
74,82,53.5705838,2256.67102425,17.217816,3.388,F07 Incoming microlens periphery peeling
75,18,274.33428009,2255.65173463,45.914176,10.164,F07 Incoming microlens periphery peeling
75,18,317.54107795,2255.65173463,20.087452,8.47,F07 Incoming microlens periphery peeling
75,18,538.61746863,2256.43443189,11.478544,6.776,F07 Incoming microlens periphery peeling
75,75,1320.36109317,2257.21962214,51.653448,13.552,Good
76,16,446.50965618,2255.41062846,45.914176,15.246,F07 Incoming microlens periphery peeling
77,16,126.96124239,2257.02002849,109.046168,37.268,Good
77,16,789.81453975,2257.70698155,54.523084,28.798,Good
77,40,464.7084358,2257.79932098,11.478544,6.776,Good
77,76,853.43387709,2257.10845083,11.478544,6.776,Good
78,10,444.05426946,2255.30474497,48.783812,22.022,F07 Incoming microlens periphery peeling
78,16,115.13248443,2257.75305651,37.305268,22.022,Good
78,16,143.93701633,2257.75305651,25.826724,15.246,Good
78,16,561.60272897,2256.05867137,152.090708,50.82,Good
78,18,166.20418471,2257.15655546,8.608908,5.082,Good
78,18,191.61994816,2257.15655546,14.34818,8.47,Good
78,73,988.51280948,2257.76839342,11.478544,5.082,Good
78,73,1007.15103601,2258.61558599,8.608908,5.082,Good
78,75,1311.3305427,2260.2281323,17.217816,5.082,Good
79,16,840.47273987,2257.34357531,17.217816,10.164,Good
79,17,586.24631656,2256.71861764,80.349808,47.432,Good
79,17,820.07134027,2255.0242325,31.565996,10.164,F07 Incoming microlens periphery peeling
79,17,837.01518257,2255.0242325,57.39272,20.328,F07 Incoming microlens periphery peeling
79,75,1311.98797038,2259.45964495,14.34818,8.47,Good
80,11,704.9209911,2257.09519122,77.480172,37.268,Good
80,15,168.11506444,2257.52066193,71.7409,30.492,Good
80,16,720.51570991,2257.92783567,8.608908,5.082,Good
80,16,744.75798721,2257.67210751,137.742528,52.514,Good
80,17,69.8179164,2257.45846512,17.217816,10.164,Good
80,17,773.83456387,2257.45846512,54.523084,32.186,Good
80,18,1074.03181841,2257.37805983,37.305268,22.022,Good
81,11,286.72900927,660.95868387,284.093964,32.186,F06 Incoming others
81,16,286.03889894,2257.99463386,20.087452,11.858,Good
81,16,430.06155847,2257.99463386,34.435632,20.328,Good
81,18,116.41117916,2258.59930779,8.608908,5.082,Good
81,75,1230.4587082,2258.95849811,25.826724,15.246,Good
81,84,584.13609335,2257.8519317,28.69636,16.94,Good
81,84,598.7559348,2258.75195106,14.34818,8.47,Good
82,10,407.85981368,2256.99707508,34.435632,20.328,Good
82,16,610.48219526,2255.95139974,25.826724,15.246,Good
82,16,634.20357448,2255.95139974,14.34818,8.47,Good
82,16,711.53524454,2255.82227118,45.914176,25.41,Good
82,17,914.04857201,2257.30751244,37.305268,22.022,Good
82,17,1211.41300434,2257.30751244,40.174904,23.716,Good
82,86,878.34565413,2256.29454614,94.697988,45.738,Good
83,16,453.71136777,2254.41341948,83.219444,28.798,F07 Incoming microlens periphery peeling
83,17,470.03665053,2256.25455783,68.871264,30.492,Good
84,16,132.86857691,2255.88202987,312.790324,94.864,Good
84,17,443.08340455,2257.57989381,48.783812,27.104,Good
84,73,1143.57573894,2257.80439674,11.478544,6.776,Good
85,16,24.55586156,2259.09401121,11.478544,5.082,Good
85,16,607.4240366,2258.24681864,37.305268,22.022,Good
85,16,679.43536637,2258.24681864,11.478544,6.776,Good
85,16,874.28955279,2256.5524335,117.655076,33.88,Good
85,16,1149.62699013,2258.24681864,31.565996,18.634,Good
85,17,492.87366078,2256.65201647,152.090708,52.514,Good
85,17,683.30983206,2258.0330072,8.608908,5.082,Good
85,17,713.99080277,2257.49920904,14.34818,8.47,Good
85,17,1249.41621938,2257.49920904,14.34818,8.47,Good
85,61,1303.62233595,2258.87693497,11.478544,6.776,Good
85,61,1312.09425709,2260.57132012,11.478544,6.776,Good
85,82,666.37813461,2258.72543522,14.34818,8.47,Good
85,85,34.03204988,2259.806591,17.217816,10.164,Good
86,16,58.6222642,2256.64129551,43.04454,25.41,Good
86,16,270.53846663,2255.85545313,57.39272,18.634,Good
86,16,279.85757989,2256.7026457,11.478544,6.776,Good
86,16,298.49580642,2255.00826056,86.08908,30.492,Good
86,16,388.17999689,2256.64129551,45.914176,27.104,Good
86,16,538.13195121,2256.30149561,8.608908,5.082,Good
86,16,982.06166943,2256.64129551,43.04454,25.41,Good
86,16,1143.02817126,2254.94691036,40.174904,15.246,Good
86,16,1166.74955048,2254.09971779,106.176532,30.492,Good
86,16,1204.87319565,2255.79410293,60.262356,22.022,Good
86,73,1182.67660762,2256.84882238,8.608908,5.082,Good
86,73,1197.92606569,2256.84882238,14.34818,8.47,Good
86,86,26.1465918,2259.50011192,11.478544,6.776,Good
87,16,498.74314421,2256.17418252,160.699616,55.902,Good
87,17,822.9122794,2255.42249082,249.658332,54.208,F07 Incoming microlens periphery peeling
88,14,194.05816085,2258.15889146,14.34818,8.47,Good
88,16,149.12499097,2258.87436022,40.174904,23.716,Good
88,16,172.84637019,2258.87436022,17.217816,10.164,Good
88,16,926.84735244,2257.17997507,149.221072,50.82,Good
88,16,1181.00498691,2258.87436022,22.957088,13.552,Good
88,17,256.73754179,2258.02714247,60.262356,35.574,Good
88,17,625.26611176,2256.33275732,60.262356,16.94,Good
88,17,665.06079743,2255.64962116,264.006512,62.678,Good
88,17,688.80552038,2255.48556475,330.00814,106.722,Good
88,17,723.51705336,2258.19119887,57.39272,33.88,Good
88,17,803.17645589,2257.17994989,14.34818,6.776,Good
88,17,832.82817991,2257.17994989,91.828352,49.126,Good
88,17,850.59587059,2257.3440063,45.914176,16.94,Good
88,18,165.81763978,2258.32782771,11.478544,6.776,Good
89,17,121.79196898,2255.34918429,137.742528,42.35,Good
89,17,496.22754003,2257.20762584,8.608908,5.082,Good
89,17,525.05541567,2257.04356944,20.087452,11.858,Good
89,17,1195.55902435,2257.24443854,11.478544,6.776,Good
89,18,805.53356007,2257.01466946,28.69636,16.94,Good
89,18,952.09779595,2257.01466946,25.826724,15.246,Good
89,81,33.61841345,2260.73746789,14.34818,8.47,Good
89,84,1107.93372826,2257.69557818,8.608908,5.082,Good
90,14,22.0350659,888.16216433,17.217816,3.388,F07 Incoming microlens periphery peeling
90,14,23.72945013,877.99585347,17.217816,3.388,F07 Incoming microlens periphery peeling
90,68,30.16223245,1567.24616895,562.448656,16.94,F99 Others
90,68,32.25065867,1566.96476943,170.109036,6.792,F99 Others
90,81,731.51092255,2257.59923778,57.39272,33.88,Good
91,16,85.29751571,2256.16596028,106.176532,30.492,F07 Incoming microlens periphery peeling
91,16,991.79307864,2257.86034543,37.305268,22.022,F13 Pad area damage
91,16,1052.79091091,2257.86034543,25.826724,15.246,F13 Pad area damage
91,110,36.73578081,978.48036615,8.608908,1.694,Good
92,75,673.94382955,2258.85746866,8.608908,5.082,Good
93,16,218.67135895,2255.52598183,28.69636,10.164,Good
93,61,552.45693363,2258.83064942,25.826724,15.246,Good
93,65,790.63755467,2258.94742887,25.826724,15.246,Good
93,76,787.37831619,2258.37867329,22.957088,13.552,Good
93,84,224.85499157,2258.46329872,25.826724,15.246,Good
93,87,788.6864188,2259.2777778,28.69636,16.94,Good
93,120,167.00571889,1761.11197108,332.877776,18.634,F29 Silicon powder
94,4,160.75934309,59.85690268,320.035644,27.168,F29 Silicon powder
94,17,1102.14837913,2256.13291942,8.608908,5.082,Good
94,17,1118.24502931,2256.13291942,11.478544,6.776,Good
94,27,1289.35740647,2252.26990485,337.334868,73.014,Good
94,41,1316.73274377,2257.59802619,8.608908,5.082,Good
94,75,1185.41757602,2256.63242841,11.478544,6.776,F07 Incoming microlens periphery peeling
95,17,707.33225309,2257.39431875,22.957088,13.552,Good
95,17,756.46939576,2256.54712618,40.174904,16.94,Good
95,37,174.56252223,22.64069661,781.348284,159.612,Good
95,59,174.05713741,22.39468017,775.581876,157.914,Good
95,59,415.19421474,22.60728181,706.38498,157.914,Good
95,59,594.29526007,22.39468017,175.875444,37.356,Good
95,60,1313.58634078,2256.78934299,31.565996,5.082,F07 Incoming microlens periphery peeling
95,80,29.84023751,2208.01382605,284.093964,16.94,F99 Others
95,80,33.19039875,2211.87906003,83.612916,5.094,F99 Others
95,80,87.44930133,2241.90152894,22.957088,10.164,F99 Others
95,115,1196.00455083,2251.66709203,161.459424,32.262,Good
95,115,1305.52115249,2251.66709203,118.211364,23.772,Good
96,5,53.4829393,2256.54197555,20.087452,3.388,F07 Incoming microlens periphery peeling
96,17,65.57676123,2256.41485168,106.176532,37.268,Good
96,26,108.25307233,2257.85347736,37.305268,22.022,Good
96,27,53.66932208,2255.92792403,22.957088,5.082,F07 Incoming microlens periphery peeling
96,38,25.10441969,2259.72336043,28.69636,11.858,Good
96,49,52.77604715,2256.343775,17.217816,3.388,F07 Incoming microlens periphery peeling
96,59,34.94687886,22.82014961,20.087452,11.858,Good
96,62,26.64240955,2261.10509776,8.608908,5.082,Good
96,62,35.1143307,2260.25790519,14.34818,5.082,Good
96,71,53.9715658,2256.86722363,20.087452,3.388,F07 Incoming microlens periphery peeling
96,95,303.14961001,2258.16775803,8.608908,5.082,Good
96,95,315.01029962,2258.16775803,8.608908,5.082,Good
96,95,377.74252313,2257.94710349,11.478544,5.082,Good
97,17,35.58618766,2257.47721462,60.262356,32.186,Good
97,17,54.22441419,2255.78282948,34.435632,20.328,Good
97,17,886.26998661,2254.85029778,57.39272,15.246,F07 Incoming microlens periphery peeling
97,17,923.54643966,2254.85029778,77.480172,25.41,F07 Incoming microlens periphery peeling
97,62,107.94303008,21.79077959,20.087452,10.164,F06 Incoming others
97,74,342.12531099,2257.69286235,60.262356,22.022,Good
97,76,24.35687116,2253.43553155,17.217816,6.776,F07 Incoming microlens periphery peeling
97,76,35.37036865,2253.43553155,14.34818,5.082,F07 Incoming microlens periphery peeling
97,76,77.72997439,2255.12991669,31.565996,5.082,F07 Incoming microlens periphery peeling
97,76,197.18406259,2254.28272412,22.957088,3.388,F07 Incoming microlens periphery peeling
98,17,399.77428236,2254.94787411,28.69636,8.47,F07 Incoming microlens periphery peeling
98,17,420.10689312,2254.94787411,103.306896,23.716,F07 Incoming microlens periphery peeling
98,17,454.84176983,2255.79506668,43.04454,11.858,F07 Incoming microlens periphery peeling
98,17,539.56098131,2254.94787411,17.217816,5.082,F07 Incoming microlens periphery peeling
98,17,577.68462648,2254.94787411,97.567624,23.716,F07 Incoming microlens periphery peeling
98,17,597.17004513,2255.79506668,31.565996,11.858,F07 Incoming microlens periphery peeling
98,61,1316.91395833,2257.88539663,17.217816,10.164,Good
98,74,438.02360461,2256.83750312,20.087452,11.858,Good
98,84,183.53915674,2255.58575304,8.608908,5.082,Good
98,85,75.78087296,2257.31799943,11.478544,6.776,Good
99,16,750.9537452,2258.61350765,103.306896,42.35,Good
99,17,211.64504989,2257.59931342,34.435632,15.246,F07 Incoming microlens periphery peeling
99,17,241.29677391,2258.44650599,11.478544,6.776,F07 Incoming microlens periphery peeling
99,17,276.03165062,2255.90492828,86.08908,18.634,F07 Incoming microlens periphery peeling
99,73,45.42651884,2257.59607039,8.608908,5.082,Good
99,73,1312.55761553,2259.21870599,45.914176,16.94,Good
100,16,161.2957951,2258.30719667,43.04454,25.41,Good
100,17,433.99574419,2257.89922628,14.34818,8.47,F13 Pad area damage
100,17,740.67928978,2257.05203371,54.523084,18.634,F07 Incoming microlens periphery peeling
100,17,766.94224534,2255.35764856,100.43726,30.492,F07 Incoming microlens periphery peeling
100,75,342.34729827,2258.90541523,28.69636,16.94,Good
100,86,45.49705259,2259.20357021,60.262356,30.492,Good
101,15,252.50932804,2255.95418712,48.783812,28.798,Good
101,16,735.58144185,2256.12623464,40.174904,23.716,Good
102,16,220.23117058,2256.73545566,86.08908,35.574,Good
102,16,470.15284447,2254.19387795,212.353064,59.29,Good
102,16,675.17333627,2256.73545566,37.305268,22.022,Good
102,16,1053.86821163,2256.73545566,22.957088,13.552,Good
102,17,176.38581497,2256.37436917,88.958716,33.88,Good
102,17,252.63310531,2256.37436917,163.569252,60.984,Good
102,18,929.61125844,2256.54329749,57.39272,32.186,Good
102,73,553.71669307,2256.58571753,22.957088,13.552,Good
103,16,108.98171115,2257.33446902,45.914176,22.022,Good
103,16,542.74407398,2258.18166159,74.610536,32.186,Good
103,17,483.53262425,2257.18300562,86.08908,37.268,Good
103,73,498.25794941,2257.53246372,86.08908,35.574,Good
103,73,1237.11002296,2258.3400358,8.608908,5.082,Good
103,73,1256.5954416,2258.3400358,68.871264,40.656,Good
103,73,1317.59327388,2260.03442095,11.478544,6.776,Good
103,88,501.73633441,2256.70917737,11.478544,6.776,Good
104,10,1090.90358796,2255.58489021,71.7409,27.104,Good
104,65,24.65783607,238.23841105,94.697988,6.776,F07 Incoming microlens periphery peeling
104,73,1323.70197778,2259.58154703,14.34818,6.776,Good
105,15,561.34235989,2256.98199904,17.217816,10.164,Good
105,16,679.16362938,2253.93032336,54.523084,15.246,F13 Pad area damage
105,16,696.95466379,2255.6247085,17.217816,10.164,F13 Pad area damage
105,16,721.52323513,2253.93032336,109.046168,25.41,F13 Pad area damage
105,16,741.00865377,2255.6247085,17.217816,10.164,F13 Pad area damage
105,16,1288.29475999,2253.93032336,134.872892,50.82,F07 Incoming microlens periphery peeling
105,16,1313.71052343,2257.31909365,17.217816,10.164,F07 Incoming microlens periphery peeling
105,17,123.55821793,2255.24815391,20.087452,11.858,Good
105,73,684.73484874,2256.71307649,25.826724,15.246,Good
105,73,1176.10627538,2256.71307649,22.957088,13.552,Good
105,73,1196.43888613,2256.71307649,25.826724,15.246,Good
106,15,217.22399135,2257.44937453,106.176532,42.35,Good
107,16,419.21634866,2257.95701735,114.78544,45.738,Good
107,17,343.18219068,2256.50451591,169.308524,45.738,F07 Incoming microlens periphery peeling
107,17,375.37549105,2257.35170848,25.826724,11.858,F07 Incoming microlens periphery peeling
107,73,313.14991918,2258.57913427,71.7409,37.268,Good
107,73,1034.95760107,2258.57913427,20.087452,11.858,Good
107,75,83.54977543,2257.98941791,40.174904,16.94,Good
108,16,134.78048953,2255.54712589,54.523084,10.164,F07 Incoming microlens periphery peeling
108,16,153.41871605,2255.54712589,63.131992,22.022,F07 Incoming microlens periphery peeling
108,16,554.79362522,2257.08908402,22.957088,13.552,F07 Incoming microlens periphery peeling
108,16,634.42410598,2257.24503792,68.871264,40.656,F07 Incoming microlens periphery peeling
108,17,474.55344056,2256.93052913,8.608908,5.082,Good
108,73,874.57951188,2258.60046645,57.39272,33.88,Good
108,73,1138.90345172,2258.60046645,54.523084,22.022,Good
108,73,1149.0697571,2258.60046645,8.608908,5.082,Good
108,90,1319.62723427,2261.10232564,22.957088,13.552,Good
109,16,235.95478917,2254.92664722,106.176532,28.798,F07 Incoming microlens periphery peeling
109,16,265.60093515,2254.23540855,396.009768,91.476,F07 Incoming microlens periphery peeling
109,16,280.85597126,2254.07945465,218.092336,57.596,F07 Incoming microlens periphery peeling
109,16,811.19265714,2256.77698627,45.914176,27.104,F07 Incoming microlens periphery peeling
109,16,1029.77380082,2256.62103237,45.914176,27.104,F13 Pad area damage
109,16,1052.64240989,2256.77698627,8.608908,5.082,F13 Pad area damage
109,73,1322.55984015,2257.87444985,8.608908,5.082,Good
110,17,616.04332004,2258.44622436,25.826724,15.246,Good
110,17,637.22312291,2258.44622436,28.69636,16.94,Good
110,17,668.56923116,2258.44622436,14.34818,8.47,Good
110,17,738.8861767,2258.44622436,22.957088,13.552,Good
110,17,1032.86184056,2258.44622436,25.826724,15.246,Good
110,17,1096.40124918,2258.44622436,40.174904,23.716,Good
110,17,1316.67119905,2259.29341693,40.174904,16.94,Good
110,123,1325.53696958,1066.51719602,8.608908,1.694,Good
110,123,1325.53696958,1078.37789203,20.087452,1.694,Good
110,123,1325.53696958,1097.01612862,14.34818,1.694,Good
111,16,558.94086725,2259.04294606,11.478544,6.776,Good
111,17,992.69260041,2257.15949973,63.131992,15.246,F07 Incoming microlens periphery peeling
111,17,1020.6499402,2258.85388488,11.478544,6.776,F07 Incoming microlens periphery peeling
111,17,1028.27466924,2256.31230716,324.268868,76.23,F07 Incoming microlens periphery peeling
112,60,22.92397005,2239.8112326,144.1602,5.094,Good
112,81,738.22239796,2258.91597823,60.262356,35.574,Good
112,86,29.48361731,2258.63067681,54.523084,18.634,Good
113,17,413.85012877,2255.72120703,17.217816,5.082,F07 Incoming microlens periphery peeling
113,17,441.80746856,2256.56839961,88.958716,44.044,F07 Incoming microlens periphery peeling
113,17,447.73781336,2252.33243675,86.08908,44.044,F07 Incoming microlens periphery peeling
113,17,487.55584276,2254.87401446,100.43726,20.328,F07 Incoming microlens periphery peeling
113,17,537.54017754,2254.87401446,80.349808,16.94,F07 Incoming microlens periphery peeling
113,73,1319.12751269,2257.09991003,11.478544,5.082,Good
114,15,661.72298241,2255.79295491,80.349808,25.41,Good
114,18,931.6597761,2258.70650388,48.783812,28.798,Good
114,53,695.68008858,2257.8073091,34.435632,20.328,Good
114,75,700.82869042,2257.89559533,63.131992,37.268,Good
114,87,699.0387237,2256.70269994,63.131992,37.268,Good
115,10,636.92703133,2252.63718165,186.52634,47.432,F07 Incoming microlens periphery peeling
115,10,671.66190804,2255.17875936,45.914176,10.164,F07 Incoming microlens periphery peeling
115,16,360.94717243,2257.52492556,22.957088,8.47,Good
115,16,368.57190146,2256.67773298,14.34818,3.388,Good
115,16,377.04382261,2257.52492556,14.34818,6.776,Good
115,17,521.32538054,2255.65273727,14.34818,3.388,F07 Incoming microlens periphery peeling
115,40,478.78588581,2257.97601059,80.349808,27.104,Good
115,116,553.20012298,2258.67142678,22.957088,13.552,Good
116,17,261.69682797,2255.26247944,60.262356,22.022,F07 Incoming microlens periphery peeling
116,17,329.47219717,2254.41528687,60.262356,11.858,F07 Incoming microlens periphery peeling
116,17,353.19357638,2255.26247944,22.957088,5.082,F07 Incoming microlens periphery peeling
117,17,82.07570078,2255.84694935,120.524712,35.574,Good
117,17,716.40737242,2257.83440547,8.608908,5.082,F07 Incoming microlens periphery peeling
117,17,742.67032798,2256.14002033,111.915804,37.268,F07 Incoming microlens periphery peeling
117,55,1158.79780978,22.14200937,8.608908,1.694,Good
117,61,1148.67629712,2257.30630024,8.608908,5.082,Good
117,73,572.26501602,2255.8398633,8.608908,5.082,Good
117,73,894.19801968,2255.8398633,8.608908,5.082,Good
118,17,811.65736447,2259.08356219,14.34818,8.47,F07 Incoming microlens periphery peeling
118,17,838.76751215,2256.54198447,180.787068,47.432,F07 Incoming microlens periphery peeling
118,71,53.67219954,2254.54123913,14.34818,3.388,F07 Incoming microlens periphery peeling
118,74,343.85686467,2258.35149988,11.478544,6.776,Good
118,93,55.16718778,2255.64383635,20.087452,5.082,F07 Incoming microlens periphery peeling
118,104,54.2635722,2254.48192703,25.826724,5.082,F07 Incoming microlens periphery peeling
119,39,282.0679509,2258.67991846,11.478544,6.776,Good
119,73,1321.57050174,2258.19735827,31.565996,11.858,Good
121,3,160.87578247,57.8735385,276.787584,27.168,F29 Silicon powder
121,15,77.0480233,2257.34805155,14.34818,8.47,Good
121,16,966.07041197,2256.08986183,77.480172,33.88,F07 Incoming microlens periphery peeling
121,72,106.27323988,2257.71132502,14.34818,8.47,Good
121,74,1313.71084402,2257.63058997,31.565996,11.858,Good
121,119,885.0943532,293.32805783,301.31178,27.104,Good
121,123,24.67267556,2259.31737396,8.608908,5.082,Good
122,16,533.77428409,2256.84959048,40.174904,15.246,F07 Incoming microlens periphery peeling
122,16,852.95206469,2258.58887501,14.34818,8.47,F07 Incoming microlens periphery peeling
122,16,887.90058811,2257.69678305,25.826724,15.246,F07 Incoming microlens periphery peeling
122,16,1134.22332883,2258.63570273,11.478544,6.776,F13 Pad area damage
122,17,830.71846656,2257.97776784,17.217816,10.164,Good
122,17,851.7699607,2258.73529242,22.957088,13.552,Good
122,17,963.7276286,2257.97776784,22.957088,13.552,Good
122,117,125.03477201,2257.13186189,8.608908,5.082,Good
122,117,175.8662989,2257.13186189,8.608908,5.082,Good
123,17,108.88102863,2256.50710735,57.39272,33.88,Good
123,17,188.51708743,2256.50710735,17.217816,10.164,Good
123,17,498.58940148,2256.50710735,17.217816,10.164,Good
123,17,608.72437642,2256.50710735,22.957088,13.552,Good
123,17,750.2054596,2256.50710735,37.305268,22.022,Good
123,17,888.29777433,2256.50710735,28.69636,16.94,Good
123,69,23.17255489,54.00740148,8.608908,1.694,Good
124,16,175.47408755,2256.80863634,11.478544,6.776,Good
124,16,193.26860396,2256.85546407,51.653448,30.492,Good
124,17,715.27542332,2255.68449943,74.610536,38.962,Good
125,10,779.83077609,2257.70075978,37.305268,22.022,Good
125,15,343.33194392,2258.09887563,8.608908,5.082,Good
125,16,1270.123195,2257.61740494,60.262356,35.574,Good
125,17,545.09651329,2255.78793024,117.655076,49.126,Good
126,17,55.88625291,2256.89386768,14.34818,8.47,Good
126,17,86.38516904,2256.89386768,17.217816,10.164,Good
126,17,477.78792612,2254.35228996,149.221072,42.35,Good
126,17,497.57931244,2254.99688534,264.006512,84.7,Good
126,17,522.68910821,2256.89386768,57.39272,33.88,Good
126,17,554.88240858,2256.89386768,17.217816,10.164,Good
126,17,572.80325331,2257.63139412,25.826724,15.246,Good
126,17,1005.89458138,2257.53846305,68.871264,40.656,Good
126,73,393.28653001,2256.84225142,94.697988,37.268,Good
127,16,167.57783394,2255.70682105,109.046168,44.044,Good
127,17,1117.43303249,2256.4141644,43.04454,25.41,F07 Incoming microlens periphery peeling
128,17,440.17489615,2255.96869283,57.39272,25.41,Good
128,17,778.18215996,2257.38189449,14.34818,8.47,Good
128,17,846.80472127,2255.68750934,60.262356,16.94,Good
128,17,883.23398221,2255.68750934,134.872892,45.738,Good
128,17,949.31496717,2257.38189449,31.565996,18.634,Good
128,17,995.91053349,2253.9931242,264.006512,57.596,Good
128,17,1319.53792138,2259.07627963,17.217816,10.164,Good
129,73,843.14987567,2256.47509961,126.263984,47.432,Good
129,84,1315.4763265,2259.18506899,11.478544,6.776,Good
130,17,216.54094888,2256.61932736,218.092336,64.372,F07 Incoming microlens periphery peeling
130,17,306.34331305,2256.61932736,25.826724,13.552,F07 Incoming microlens periphery peeling
130,84,82.8287519,2258.08102167,11.478544,6.776,Good
131,15,174.54804994,2255.80244439,63.131992,37.268,Good
131,16,1053.84056685,2256.09741134,22.957088,13.552,Good
132,15,206.30972517,2257.84504287,25.826724,15.246,Good
132,16,1193.2080824,2257.43161776,28.69636,16.94,Good
132,17,396.76297024,2256.97938087,20.087452,10.164,Good
132,17,661.08691009,2257.82657345,17.217816,10.164,Good
132,68,1324.70471722,1108.56707107,8.608908,1.694,Good
133,16,604.91085382,2258.42279657,54.523084,28.798,Good
133,73,401.52233451,2257.85621573,11.478544,6.776,Good
133,113,22.47408853,977.89048841,31.565996,5.082,F07 Incoming microlens periphery peeling
133,113,23.32128064,842.33967686,20.087452,3.388,F13 Pad area damage
133,113,24.16847276,986.36241413,14.34818,5.082,F07 Incoming microlens periphery peeling
134,76,508.0205648,2258.51791272,20.087452,11.858,Good
134,81,21.78382209,208.1712655,446.89662,5.094,Good
134,92,22.84129561,208.31972005,446.89662,5.094,Good
134,103,23.01544794,209.00449284,441.130212,5.094,Good
134,114,21.48771447,232.33411513,196.057872,5.094,Good
134,114,21.51996463,209.47726363,432.4806,5.094,Good
135,16,1158.27903767,2257.40536886,20.087452,11.858,Good
135,16,1176.15945237,2256.56243753,28.69636,16.94,Good
135,16,1193.8611065,2256.55817629,34.435632,16.94,Good
136,75,705.75129116,2258.64173424,14.34818,8.47,Good
136,87,697.4357124,2257.46883707,63.131992,37.268,Good
136,116,23.66421139,2095.585361,91.828352,5.082,F07 Incoming microlens periphery peeling
138,14,1323.48191168,1022.18446734,34.435632,5.082,F06 Incoming others
138,16,596.01633573,2256.54887002,11.478544,6.776,Good
138,85,1315.1030327,2259.32673281,8.608908,5.082,Good
138,93,851.49021791,2252.5997585,772.698672,157.914,Good
138,93,1092.59653475,2252.5997585,686.202552,157.914,Good
138,108,633.40508124,23.1414223,242.189136,47.544,Good
139,16,950.8301295,2253.64832716,25.826724,8.47,F07 Incoming microlens periphery peeling
139,16,966.92677968,2255.34271231,51.653448,15.246,F07 Incoming microlens periphery peeling
139,16,1320.11458456,2254.79192543,11.478544,3.388,F07 Incoming microlens periphery peeling
139,68,338.88454555,1511.67305509,2097.703916,28.798,F06 Incoming others
139,68,340.30212781,1510.88567269,1392.587532,22.074,F06 Incoming others
139,81,1300.05453196,21.59768909,43.24806,10.188,F07 Incoming microlens periphery peeling
139,93,1326.98513367,2255.96388989,8.608908,1.694,Good
140,15,127.15229575,2256.21405562,17.217816,8.47,Good
140,17,251.79119044,2255.40087561,60.262356,13.552,F07 Incoming microlens periphery peeling
140,17,272.97099332,2255.40087561,97.567624,23.716,F07 Incoming microlens periphery peeling
140,70,105.89180864,2257.49732001,34.435632,20.328,Good
140,73,290.31849712,2256.34758587,97.567624,33.88,F07 Incoming microlens periphery peeling
140,104,54.42858434,2255.23164683,20.087452,5.082,F07 Incoming microlens periphery peeling
140,106,426.80596619,2257.8153555,8.608908,5.082,Good
141,17,689.93410364,2256.22442557,71.7409,23.716,F07 Incoming microlens periphery peeling
141,17,730.59932515,2257.07161814,11.478544,6.776,F07 Incoming microlens periphery peeling
141,50,206.4704925,2257.25133577,8.608908,5.082,Good
141,73,280.7684745,2256.1582612,51.653448,22.022,F07 Incoming microlens periphery peeling
141,85,98.79254526,2255.9814163,17.217816,5.082,Good
141,85,107.26446641,2255.9814163,14.34818,5.082,Good
141,88,1189.62542762,2257.63682328,37.305268,22.022,Good
142,9,546.01711919,2255.13384891,149.221072,30.492,F07 Incoming microlens periphery peeling
142,17,159.27464771,60.04725301,308.502828,25.47,F29 Silicon powder
142,17,1311.57316077,2256.89454754,63.131992,18.634,F13 Pad area damage
143,15,1105.99982444,2257.07680184,60.262356,23.716,Good
143,16,312.66069337,2257.18531115,88.958716,37.268,Good
143,108,1150.73209636,2218.5900524,311.386032,27.168,F29 Silicon powder
144,17,624.49769707,2256.91994564,34.435632,20.328,Good
144,117,119.07582115,2257.6712,8.608908,5.082,Good
145,10,314.36557223,2257.56199628,25.826724,15.246,Good
145,11,185.57217382,60.74720317,311.386032,27.168,F29 Silicon powder
145,16,877.32318679,2254.88929822,109.046168,38.962,F07 Incoming microlens periphery peeling
145,16,1223.82476178,2256.58368337,17.217816,10.164,F13 Pad area damage
145,17,390.06583252,2257.28187069,22.957088,13.552,Good
146,15,106.59241529,2256.32688815,88.958716,25.41,F07 Incoming microlens periphery peeling
146,15,137.09133143,2257.17408072,54.523084,22.022,F07 Incoming microlens periphery peeling
146,17,121.99841905,2257.62460765,40.174904,23.716,Good
146,17,712.49132312,2257.62460765,22.957088,13.552,Good
147,16,64.95696761,2257.78364921,68.871264,37.268,Good
147,16,97.99746009,2257.78364921,28.69636,16.94,Good
148,16,99.63165161,2255.81218874,8.608908,5.082,Good
148,16,620.87093583,2257.23443642,31.565996,18.634,Good
148,17,407.50804494,2256.41720958,40.174904,20.328,Good
148,17,911.47377263,2255.1921871,249.658332,64.372,Good
148,74,535.70538328,2258.27373533,34.435632,20.328,Good
149,15,266.95186705,2258.09463777,37.305268,22.022,Good
149,73,274.5651909,2255.2700097,37.305268,16.94,Good
150,17,423.76321655,2255.66529208,364.443772,99.946,F07 Incoming microlens periphery peeling
150,17,668.13634668,2257.26304737,14.34818,8.47,F13 Pad area damage
150,17,693.55211013,2256.4158548,120.524712,47.432,F13 Pad area damage
150,17,1251.18361199,2257.21783379,8.608908,5.082,F13 Pad area damage
150,17,1268.79555614,2257.26304737,14.34818,8.47,F13 Pad area damage
150,17,1323.19494176,2258.06502636,14.34818,6.776,F13 Pad area damage
150,39,366.1880263,2259.00752784,11.478544,6.776,Good
151,16,431.91224175,2255.47886836,51.653448,28.798,Good
151,16,813.14869346,2256.32606093,37.305268,22.022,Good
151,16,933.44997377,2256.32606093,14.34818,8.47,Good
151,17,504.49657883,2256.57954044,37.305268,22.022,Good
151,17,755.26544484,2256.57954044,17.217816,10.164,Good
151,17,763.73736598,2256.57954044,14.34818,8.47,Good
151,17,772.20928713,2256.57954044,8.608908,5.082,Good
152,17,669.80210895,2256.45711911,37.305268,22.022,Good
152,17,1313.52348071,2258.01489936,14.34818,8.47,Good
152,19,22.84326419,307.1303545,11.478544,1.694,Good
153,17,825.05830061,2256.24168022,63.131992,33.88,Good
153,60,21.95431867,1209.35560321,28.69636,5.082,F07 Incoming microlens periphery peeling
153,60,24.49589501,1216.98033636,11.478544,3.388,F07 Incoming microlens periphery peeling
154,16,193.55788542,2255.75049693,123.394348,25.41,F07 Incoming microlens periphery peeling
154,16,219.82084098,2256.59768951,28.69636,6.776,F07 Incoming microlens periphery peeling
154,16,238.45906751,2255.75049693,97.567624,27.104,F07 Incoming microlens periphery peeling
154,16,461.27059373,2258.29207465,31.565996,18.634,F13 Pad area damage
154,17,602.33235103,2257.97541868,97.567624,35.574,Good
155,10,495.2044625,2253.49271569,11.478544,6.776,Good
155,10,509.60672846,2253.49271569,14.34818,8.47,Good
155,17,329.31947652,2256.84711659,106.176532,44.044,Good
155,17,765.62341568,2257.69430916,25.826724,15.246,Good
155,17,1129.91602509,2256.84711659,86.08908,42.35,Good
155,104,1160.05783901,2218.15871563,271.021176,25.47,F29 Silicon powder
156,15,21.84042005,207.23559576,452.663028,5.094,Good
156,15,27.12388434,2258.60416914,8.608908,5.082,Good
156,16,365.74985243,2255.07535431,68.871264,35.574,Good
156,16,444.53871911,2255.92254688,109.046168,64.372,Good
156,75,485.98043315,2256.16114176,25.826724,15.246,Good
157,16,239.23774631,2257.47732438,37.305268,22.022,Good
157,16,740.77547833,2257.47732438,20.087452,11.858,Good
157,107,1107.0045465,23.71712373,343.101276,64.524,Good
158,16,754.07489694,2257.22849381,51.653448,11.858,F07 Incoming microlens periphery peeling
158,16,813.37834498,2256.38130124,74.610536,15.246,F07 Incoming microlens periphery peeling
158,21,699.16695752,2258.64831851,51.653448,30.492,Good
158,109,535.78346042,26.04669599,20.087452,5.082,F06 Incoming others
159,76,788.19643933,2257.65233924,22.957088,13.552,Good
160,20,782.45372026,23.57811502,236.422728,45.846,Good
160,92,1317.04536371,22.36479594,40.364856,6.792,F07 Incoming microlens periphery peeling
160,92,1319.62354169,21.13646821,37.305268,8.47,F07 Incoming microlens periphery peeling
161,17,428.01166693,2256.80654818,126.263984,47.432,Good
161,17,518.66122322,2257.65374076,31.565996,18.634,Good
161,17,610.32358443,2257.5917121,175.047796,57.596,Good
161,59,127.32822414,22.15776145,328.685256,64.524,Good
161,70,174.14038124,22.34771602,792.8811,157.914,Good
161,72,35.69340892,2258.03711863,11.478544,6.776,Good
161,74,107.90613708,2257.15123311,8.608908,5.082,Good
161,74,116.37805823,2257.15123311,8.608908,5.082,Good
161,74,251.92879661,2256.30404053,43.04454,16.94,Good
161,74,264.63667834,2256.30404053,43.04454,16.94,Good
161,74,279.03894429,2257.15123311,8.608908,5.082,Good
161,81,174.43104902,22.93799849,787.114692,157.914,Good
161,81,413.83943405,22.93799849,755.399448,157.914,Good
161,106,625.50974349,22.60246378,31.715244,8.49,Good
162,17,1177.78586303,2256.77651868,14.34818,5.082,F07 Incoming microlens periphery peeling
162,17,1234.54773473,2256.77651868,60.262356,23.716,F07 Incoming microlens periphery peeling
162,27,53.67694979,2256.49632552,17.217816,5.082,F07 Incoming microlens periphery peeling
162,60,53.62977408,2257.26466485,8.608908,1.694,F07 Incoming microlens periphery peeling
162,70,106.17644903,2259.49260016,34.435632,20.328,Good
162,71,53.78009666,2256.59387301,20.087452,3.388,F07 Incoming microlens periphery peeling
162,106,146.26898889,2259.23126064,8.608908,5.082,Good
162,106,369.92770722,2259.23126064,8.608908,5.082,Good
163,18,694.4931769,2256.37420122,22.957088,13.552,Good
163,50,497.28654976,2257.10642386,11.478544,6.776,Good
163,73,824.09000024,21.69075246,28.69636,10.164,F06 Incoming others
163,73,1321.30899156,2258.34038007,31.565996,11.858,Good
163,85,89.18201029,2257.83740781,8.608908,5.082,Good
164,20,699.84434606,22.74257567,230.65632,45.846,Good
164,29,896.97210547,22.94137978,216.2403,42.45,Good
165,15,949.39907801,2257.88720211,45.914176,25.41,Good
165,21,178.32656141,63.39064669,444.013416,23.772,F29 Silicon powder
166,16,166.22126638,2257.61037392,28.69636,16.94,F13 Pad area damage
166,16,1076.95278989,2255.06879621,166.438888,37.268,F07 Incoming microlens periphery peeling
166,16,1107.45170602,2255.91598878,63.131992,22.022,F07 Incoming microlens periphery peeling
168,15,72.64953761,2255.38725738,37.305268,22.022,Good
168,16,260.28669845,2254.63358257,68.871264,20.328,F13 Pad area damage
168,16,293.32719093,2253.78638999,106.176532,42.35,F07 Incoming microlens periphery peeling
169,16,474.13988019,2255.24170332,57.39272,23.716,F07 Incoming microlens periphery peeling
169,16,492.77810672,2255.24170332,48.783812,15.246,F07 Incoming microlens periphery peeling
169,16,512.26352536,2254.39451075,71.7409,20.328,F07 Incoming microlens periphery peeling
169,17,583.16200236,2257.9314447,11.478544,6.776,Good
169,17,590.7867314,2257.9314447,8.608908,5.082,Good
169,17,1042.34012864,2256.23705956,106.176532,47.432,Good
169,17,1144.00318242,2257.08425213,57.39272,20.328,Good
169,84,638.92581715,2258.95204279,22.957088,13.552,Good
169,84,814.29458494,2258.10485022,40.174904,18.634,Good
170,15,259.00989516,2255.30744148,14.34818,8.47,Good
170,61,1319.34178062,2260.13024823,11.478544,6.776,Good
171,16,217.73936439,2255.36532096,43.04454,25.41,Good
171,17,129.28221481,2255.42294902,22.957088,13.552,Good
171,84,517.49208322,2255.08344374,80.349808,33.88,Good
172,16,706.9070279,2255.1071204,37.305268,18.634,Good
172,17,97.1571896,2255.87288342,140.612164,44.044,Good
172,17,152.82377375,2258.42193878,63.131992,37.268,Good
172,17,395.12071861,2257.5747462,68.871264,25.41,Good
172,17,617.93224483,2258.42193878,51.653448,30.492,Good
173,63,388.22587426,2259.28155282,20.087452,11.858,Good
173,88,583.45244287,2258.03707951,11.478544,6.776,Good
174,98,1322.08630473,518.18231068,11.478544,3.388,F06 Incoming others
175,79,1167.07167541,2218.99581093,256.605156,25.47,F29 Silicon powder
175,97,1236.65154168,2219.09863671,593.940024,59.43,F29 Silicon powder
179,74,266.91039191,2256.15796933,28.69636,15.246,F13 Pad area damage
179,74,1315.73423015,2256.15796933,94.697988,25.41,F07 Incoming microlens periphery peeling
180,30,98.51545773,22.56430791,262.371564,45.846,Good
180,86,698.01245268,2257.3878533,57.39272,33.88,Good
181,76,788.68976015,2259.53520593,28.69636,16.94,Good
181,97,1015.29709922,31.05121005,149.221072,18.634,F06 Incoming others
181,97,1016.08765433,27.91774407,115.32816,16.98,F06 Incoming others
181,97,1018.64243925,31.82360685,100.43726,13.552,F06 Incoming others
181,100,1297.56671814,23.97340816,34.435632,6.776,Good
182,48,1317.69065225,22.38084533,48.783812,8.47,F07 Incoming microlens periphery peeling
182,74,303.34232078,2257.41838147,11.478544,6.776,Good
182,74,316.89739462,2257.41838147,28.69636,16.94,Good
182,83,1211.09673935,2219.56299765,455.546232,45.846,F29 Silicon powder
182,86,1269.56477372,2257.7228319,8.608908,5.082,F07 Incoming microlens periphery peeling
182,100,1300.76144558,22.21224289,28.69636,8.47,F07 Incoming microlens periphery peeling
182,100,1310.08055885,23.90662804,28.69636,10.164,F07 Incoming microlens periphery peeling
183,74,159.87305157,2256.93362875,17.217816,6.776,Good
183,74,177.66408599,2256.93362875,14.34818,6.776,Good
183,74,249.67541575,2256.08643618,14.34818,6.776,Good
183,74,258.1473369,2256.08643618,14.34818,6.776,Good
183,74,268.31364228,2256.93362875,11.478544,6.776,Good
183,78,22.46034342,2009.39121315,11.478544,1.694,F07 Incoming microlens periphery peeling
183,78,23.30753554,2047.5148789,37.305268,3.388,F07 Incoming microlens periphery peeling
183,78,24.15472765,2023.79348687,77.480172,5.082,F07 Incoming microlens periphery peeling
183,93,1311.31861506,2254.77009313,14.34818,3.388,F07 Incoming microlens periphery peeling
184,37,37.15544805,22.64606279,164.342628,33.96,Good
184,38,53.14378743,2256.36101207,17.217816,3.388,F07 Incoming microlens periphery peeling
184,48,40.27493702,21.54357351,118.211364,25.47,Good
184,57,1204.94741394,2219.27454461,253.721952,25.47,F29 Silicon powder
184,59,37.00222854,22.6246656,161.459424,33.96,Good
184,70,108.04746238,2257.69308997,37.305268,22.022,Good
184,74,116.08406139,2257.63270884,17.217816,6.776,Good
184,74,138.11105638,2257.63270884,149.221072,59.29,Good
184,74,160.98524348,2257.63270884,11.478544,5.082,Good
184,74,169.45716463,2257.63270884,14.34818,5.082,Good
184,74,701.49381278,2258.47990141,8.608908,5.082,Good
184,81,105.80968474,2258.54368039,34.435632,20.328,Good
184,82,54.93576099,2256.0733407,22.957088,5.082,F07 Incoming microlens periphery peeling
184,92,45.30970503,21.39895414,69.196896,16.98,Good
184,93,55.42698365,2255.71765964,25.826724,5.082,F07 Incoming microlens periphery peeling
184,100,41.68512472,18.02854166,381.661588,74.536,F07 Incoming microlens periphery peeling
185,85,1195.51878192,2217.88526265,383.466132,35.658,F29 Silicon powder
186,74,1322.48345649,2257.98798297,8.608908,5.082,Good
186,87,176.96302826,2254.75539855,40.174904,6.776,F07 Incoming microlens periphery peeling
187,56,574.68741728,2256.29206348,71.7409,27.104,Good
187,62,79.41966904,2257.21330008,8.608908,5.082,Good
187,74,1036.06227889,2256.20163006,8.608908,5.082,Good
187,88,1312.37014274,2258.67734393,8.608908,5.082,Good
188,60,142.22175807,21.16729079,80.729712,16.98,Good
188,60,168.5397011,21.16729079,129.74418,28.866,Good
190,74,1182.17240997,2218.5271284,291.203604,28.866,F29 Silicon powder
193,53,35.72096413,1941.59856833,14.34818,5.082,F06 Incoming others
193,75,1188.68766045,2217.27597149,314.269236,28.866,F29 Silicon powder
195,72,1181.02746028,2219.58153342,305.619624,30.564,F29 Silicon powder
195,84,86.55068036,2258.21376827,20.087452,11.858,Good
199,71,659.48122532,2258.81124925,17.217816,10.164,Good
200,81,732.52795039,2259.1184188,40.174904,23.716,Good
202,53,1173.2512331,2218.82248633,265.254768,25.47,F29 Silicon powder
203,54,793.99055461,2259.01572181,8.608908,5.082,Good
204,70,1325.31727504,23.50073461,14.34818,3.388,F07 Incoming microlens periphery peeling
205,60,1288.88045434,2257.25507515,11.478544,5.082,F07 Incoming microlens periphery peeling
