Job:,X2L3QBJL_S_12_P5,,,,Date:1/9/2024 4:25:42 AM
Lot:,24100455-001,,,,System:OFFLINE45
Wafer ID:,Q33477811F5,,,,Ver:5.9.2-1035


6,70,1301.71820602,21.51690906,285.437196,62.826,Good
9,76,106.9034864,23.62491141,553.575168,98.484,Good
10,49,1315.31639172,367.99363297,37.305268,13.552,Good
11,86,1274.60716586,2256.91044475,31.565996,10.164,Good
12,85,200.09463814,2257.78839545,25.826724,15.246,Good
12,85,215.3440962,2257.78839545,8.608908,5.082,Good
12,86,38.2075998,2256.64785107,14.34818,3.388,Good
12,86,286.72970245,2257.46260222,8.608908,5.082,Good
12,86,711.17295201,2257.46260222,17.217816,10.164,Good
12,87,25.68100786,2258.7803308,25.826724,10.164,Good
12,87,669.96886784,2257.26501407,11.478544,6.776,Good
12,87,677.59359687,2257.26501407,8.608908,5.082,Good
12,87,724.18916319,2256.4178215,71.7409,27.104,Good
12,87,872.4477833,2256.4178215,86.08908,32.186,Good
13,75,157.06995309,60.06120011,334.451664,30.564,F29 Silicon powder
13,86,1312.18548047,2259.82773478,14.34818,8.47,Good
13,87,862.02079379,2258.0689127,25.826724,15.246,Good
14,86,52.24554119,2258.12514059,43.04454,15.246,Good
14,86,1319.94475637,2259.59260096,28.69636,13.552,Good
14,87,372.0670082,2257.17393874,117.655076,37.268,Good
15,87,667.25974764,2257.96880372,51.653448,25.41,Good
15,87,826.53186524,2258.8159963,31.565996,18.634,Good
15,87,1319.3018603,2260.52303741,14.34818,8.47,Good
16,35,26.0910479,1432.26339009,83.219444,8.47,Good
16,82,1154.60068251,2218.95955681,271.021176,27.168,F29 Silicon powder
16,87,202.52160189,2257.48358226,48.783812,28.798,Good
17,86,1005.25159413,2257.03535616,48.783812,15.246,F07 Incoming microlens periphery peeling
17,87,124.78836688,2257.77505974,8.608908,5.082,Good
17,87,144.27378553,2257.77505974,28.69636,16.94,Good
17,87,686.51448477,2257.76381994,28.69636,15.246,Good
17,87,1233.80059099,2258.61101251,14.34818,8.47,Good
17,87,1322.71801734,2259.46944488,8.608908,5.082,Good
18,86,1215.36366038,2259.23545694,17.217816,10.164,Good
18,87,984.77221382,2258.71529015,51.653448,23.716,Good
19,86,500.00206927,2258.28242096,20.087452,11.858,Good
19,87,914.86892342,2257.56867339,20.087452,5.082,Good
19,87,930.68097006,2257.08256449,8.608908,5.082,Good
20,86,256.56618795,2256.42492779,8.608908,5.082,Good
20,87,231.52827542,2256.67457957,28.69636,16.94,Good
20,87,249.26662711,2257.90519485,8.608908,5.082,Good
20,87,1211.67686963,2257.90519485,20.087452,11.858,Good
21,86,702.01586076,2257.61140197,11.478544,6.776,Good
21,87,622.6188144,2259.06232288,14.34818,8.47,Good
21,87,725.18174302,2256.13732245,63.131992,18.634,Good
21,87,743.81996955,2257.8317076,14.34818,8.47,Good
22,88,434.86140213,2258.85736328,25.826724,15.246,Good
23,86,809.26617564,2257.60154324,11.478544,6.776,Good
23,86,821.12686524,2257.60154324,22.957088,13.552,Good
23,87,437.42673533,2257.82025355,17.217816,8.47,Good
24,30,1317.67457036,267.50839647,91.828352,16.94,Good
24,59,22.97707554,207.54660939,449.779824,5.094,Good
24,70,21.39268806,207.39211521,446.89662,5.094,Good
24,81,22.93855506,207.99982322,449.779824,5.094,Good
25,97,25.38245255,1945.74407955,60.262356,6.776,Good
26,71,641.86394891,26.73699825,8.608908,5.082,Good
27,25,1317.9397653,19.02277904,11.478544,6.776,Good
28,86,775.35828246,23.52465056,222.006708,33.96,Good
28,92,836.10596949,23.9730762,689.085756,122.256,Good
28,93,853.59309366,2252.98856216,746.749836,159.612,Good
28,97,781.86352726,22.86519439,213.357096,47.544,Good
29,38,1321.18903607,2255.46406785,11.478544,3.388,F07 Incoming microlens periphery peeling
29,48,1187.62438017,23.49166219,288.3204,59.43,Good
29,48,1309.8754704,22.64269651,158.57622,33.96,Good
30,38,53.9942786,2255.81489574,11.478544,3.388,F07 Incoming microlens periphery peeling
31,43,1082.84153949,23.19701983,222.006708,47.544,Good
32,87,538.4136607,2255.6274449,11.478544,3.388,F07 Incoming microlens periphery peeling
32,87,562.51025517,2256.75810492,226.701244,50.82,F07 Incoming microlens periphery peeling
33,86,246.02794469,2259.12559698,51.653448,20.328,Good
33,87,370.27587843,2257.774835,22.957088,8.47,Good
34,20,1323.98450468,1958.21243071,11.478544,1.694,Good
34,23,1326.70239465,2253.61595824,11.478544,1.694,Good
34,50,1323.9532818,1206.50319446,43.04454,3.388,F07 Incoming microlens periphery peeling
34,54,1323.98775642,1883.69430355,14.34818,1.694,Good
34,67,1325.12622107,1712.20328128,11.478544,1.694,Good
34,87,489.59922227,2256.96939106,14.34818,8.47,Good
34,98,1324.78339667,1707.74371,20.087452,1.694,Good
35,20,1323.81558566,2230.60325538,25.826724,1.694,Good
35,20,1325.50996989,2250.08868454,28.69636,1.694,Good
35,37,1324.62417316,2256.26641312,20.087452,3.388,Good
35,38,1323.58349768,1974.99445531,14.34818,1.694,Good
35,53,1325.02375804,1879.5730226,14.34818,1.694,Good
35,58,1324.86656562,1906.97896448,11.478544,1.694,Good
35,74,1323.49805791,1829.39878334,14.34818,1.694,Good
35,78,1324.2092555,2004.37230012,43.04454,5.082,F07 Incoming microlens periphery peeling
35,78,1325.90363973,2140.77030424,43.04454,1.694,F07 Incoming microlens periphery peeling
35,86,747.017206,2256.24377821,34.435632,20.328,Good
35,95,1325.28511887,2094.13482258,20.087452,1.694,Good
36,32,1324.83508919,1677.53769808,17.217816,1.694,Good
36,55,1325.05401788,2211.6069582,28.69636,1.694,Good
36,55,1325.05401788,2218.38449878,8.608908,1.694,Good
36,61,1322.15059162,1751.05590657,123.394348,6.776,F07 Incoming microlens periphery peeling
36,68,1324.39709096,1398.93508349,14.34818,1.694,Good
36,87,428.43111598,2257.87732152,60.262356,20.328,Good
36,87,441.13899771,2257.87732152,11.478544,5.082,Good
36,87,968.11856046,2258.90730531,17.217816,6.776,Good
36,88,1325.20635831,2163.99061189,34.435632,1.694,Good
36,89,1326.00384465,2247.56476746,43.04454,3.388,Good
36,97,1324.07589755,1856.94317337,8.608908,1.694,Good
36,97,1325.40291798,35.34679741,11.478544,1.694,Good
37,23,1323.48573539,1570.8426312,40.174904,3.388,F07 Incoming microlens periphery peeling
37,26,1323.7734578,1728.69559675,8.608908,1.694,Good
37,26,1323.7734578,1738.01471504,11.478544,1.694,Good
37,40,1324.17578056,1879.51086376,48.783812,1.694,Good
37,47,1323.88636448,1567.57860167,14.34818,1.694,Good
37,52,1323.55405457,2237.09474805,8.608908,1.694,Good
37,52,1325.2484388,2243.87228862,8.608908,1.694,Good
37,57,1324.44033479,2115.85511213,45.914176,1.694,Good
37,58,1324.02798419,2170.25206097,28.69636,1.694,Good
37,62,1324.50444264,114.15764903,37.305268,1.694,F07 Incoming microlens periphery peeling
37,64,1323.82912332,1518.51991944,25.826724,1.694,Good
37,66,1325.01740263,1856.73093133,20.087452,1.694,Good
37,70,1325.89271513,1873.58533012,48.783812,1.694,Good
37,72,1325.42134613,2019.83649469,34.435632,3.388,Good
37,74,1326.58757405,2254.58735463,22.957088,1.694,Good
37,75,1324.14790023,1845.53166359,20.087452,1.694,Good
37,75,1324.5218914,1871.73403881,17.217816,1.694,Good
37,83,1323.52597565,615.5080775,8.608908,1.694,Good
37,86,214.85717076,2258.06377366,34.435632,15.246,Good
37,86,229.25943671,2258.91096623,11.478544,6.776,Good
37,87,1079.80919765,2258.60070307,11.478544,6.776,Good
37,87,1091.66988726,2258.60070307,11.478544,6.776,Good
37,98,21.57911451,1928.02877411,14.34818,1.694,Good
37,104,1323.69971966,540.8824299,60.262356,5.082,F07 Incoming microlens periphery peeling
37,104,1324.54691177,561.21505163,45.914176,3.388,F07 Incoming microlens periphery peeling
37,104,1325.92427307,2069.17742247,8.608908,1.694,F13 Pad area damage
38,21,1324.11019793,2205.35826343,11.478544,1.694,Good
38,24,1324.98811284,1386.12512079,25.826724,1.694,Good
38,25,1323.51066733,1410.493817,14.34818,1.694,Good
38,25,1323.51066733,2215.32676059,8.608908,1.694,Good
38,29,57.9588982,2256.06783329,8.608908,5.082,Good
38,36,1325.50676406,1987.19808645,8.608908,1.694,Good
38,44,26.94075894,1391.25746761,11.478544,1.694,Good
38,60,1325.5873555,2207.07942685,20.087452,1.694,Good
38,60,1325.5873555,2251.98063318,40.174904,5.082,Good
38,63,1325.00811262,1569.64782921,14.34818,1.694,Good
38,85,1325.41959629,2252.41494863,20.087452,1.694,Good
38,86,1325.18579309,2097.83871792,8.608908,1.694,Good
38,92,1324.11720588,1217.92284462,11.478544,1.694,Good
38,106,1325.03692268,959.91821438,8.608908,1.694,Good
38,106,1325.03692268,1368.26503418,20.087452,1.694,Good
38,107,1324.5349683,2142.74176793,37.305268,1.694,Good
39,42,1323.96600911,1781.70524906,43.04454,1.694,Good
39,54,1325.9205931,2256.19572867,8.608908,1.694,Good
39,57,1324.874289,2177.02996439,48.783812,3.388,Good
39,63,1324.69935236,1743.66783532,14.34818,1.694,Good
39,75,1160.92491085,2217.73543335,366.166908,35.658,F29 Silicon powder
39,87,733.47213987,2256.84244596,20.087452,11.858,F13 Pad area damage
39,87,744.48563736,2256.84244596,14.34818,8.47,F13 Pad area damage
39,87,1316.34031491,2255.99525339,126.263984,25.41,F06 Incoming others
39,90,1325.34104674,1967.58256535,43.04454,1.694,Good
39,92,1323.71336578,1613.18334186,31.565996,3.388,Good
39,106,1325.42316623,2036.79517626,20.087452,1.694,Good
40,86,664.77383206,2259.86779827,22.957088,11.858,Good
40,86,1010.42821493,2258.17341313,51.653448,16.94,Good
40,87,74.27162359,2259.43650546,11.478544,6.776,Good
40,87,242.01566234,2259.43650546,22.957088,13.552,Good
40,87,520.74186814,2259.43650546,37.305268,22.022,Good
40,87,530.90817352,2259.43650546,14.34818,8.47,Good
40,87,1070.5695507,2259.43650546,25.826724,13.552,Good
41,86,193.37031267,2258.66033945,14.34818,6.776,Good
41,87,79.168741,2258.89454275,25.826724,15.246,Good
41,87,1013.40514261,2258.87362101,11.478544,6.776,Good
41,87,1153.19184157,2258.87362101,8.608908,5.082,Good
41,87,1319.24149608,2260.56800616,14.34818,8.47,Good
41,89,847.61619288,2258.7186554,22.957088,13.552,Good
42,55,1324.82220539,2144.93559572,11.478544,1.694,Good
42,86,181.05247725,2256.10911013,57.39272,28.798,Good
43,59,1324.19330596,1993.97491527,11.478544,1.694,Good
43,86,388.3132357,2257.74469131,8.608908,5.082,Good
43,86,409.49303857,2257.74469131,22.957088,13.552,Good
43,87,210.86725735,2257.55844645,11.478544,6.776,F13 Pad area damage
43,87,1133.8114764,2255.69720766,25.826724,10.164,F07 Incoming microlens periphery peeling
43,87,1153.29689504,2255.69720766,34.435632,11.858,F07 Incoming microlens periphery peeling
44,82,1130.06702245,2214.5972849,348.867684,25.47,F29 Silicon powder
44,86,82.71152724,2258.6568061,40.174904,23.716,Good
44,87,1052.46316418,2257.55457757,28.69636,6.776,F07 Incoming microlens periphery peeling
44,87,1064.32385378,2259.24896271,14.34818,8.47,F07 Incoming microlens periphery peeling
45,25,1325.05165183,1650.1737366,17.217816,1.694,Good
45,25,1325.22590476,2168.4805125,8.608908,1.694,Good
45,49,1324.16832472,510.96821857,22.957088,1.694,F07 Incoming microlens periphery peeling
45,62,172.15240836,59.29906924,452.663028,42.45,F29 Silicon powder
45,87,144.86479654,2258.49983962,8.608908,5.082,Good
45,87,339.78640107,2258.68246236,17.217816,10.164,Good
46,62,1324.67011853,1452.05551565,66.001628,1.694,F07 Incoming microlens periphery peeling
47,74,1324.13333924,2254.80785974,28.69636,5.082,Good
47,87,610.09843464,2259.33451114,8.608908,5.082,Good
47,108,1325.1940005,2071.40003733,8.608908,1.694,Good
49,21,781.13308036,2256.77082255,8.608908,5.082,Good
50,20,782.20289388,21.7884551,219.123504,45.846,Good
50,27,1156.89744593,2251.83796555,152.809812,30.564,Good
50,27,1290.18509292,2251.83796555,337.334868,73.014,Good
50,87,149.42966501,2255.10730429,22.957088,6.776,Good
50,87,162.98473885,2255.10730429,83.219444,16.94,Good
51,48,173.84514503,23.49391756,885.143628,157.914,Good
51,48,369.10730304,23.49391756,334.451664,69.618,Good
51,59,174.80986745,21.7534244,795.764304,159.612,Good
51,59,415.06721839,22.60239009,778.46508,157.914,Good
51,59,585.70936516,22.60239009,106.678548,20.376,Good
51,60,413.75131989,2253.44783408,726.567408,159.612,Good
51,63,168.99335452,61.42873357,360.4005,28.866,F29 Silicon powder
51,70,173.61735617,22.38177058,801.530712,159.612,Good
51,70,414.72367301,22.38177058,712.151388,157.914,Good
51,72,1162.93187795,2217.30851435,296.970012,28.866,F29 Silicon powder
51,87,1000.62043928,2258.21253768,77.480172,28.798,Good
52,60,54.94894997,2256.51618571,22.957088,5.082,F07 Incoming microlens periphery peeling
53,84,104.93962707,22.42001053,17.217816,5.082,F07 Incoming microlens periphery peeling
53,106,104.37639295,22.45844436,25.826724,6.776,F07 Incoming microlens periphery peeling
54,87,1313.66614945,2257.81585941,63.131992,15.246,F07 Incoming microlens periphery peeling
55,69,1149.05716405,2217.05554125,285.437196,25.47,F29 Silicon powder
55,86,355.8603858,2257.90393897,20.087452,11.858,Good
56,86,1131.08230033,2258.53030046,31.565996,15.246,Good
56,86,1143.79018205,2257.68310789,28.69636,15.246,Good
56,87,216.06836349,2257.76941284,25.826724,10.164,Good
56,87,225.38747676,2257.76941284,11.478544,5.082,Good
56,88,1030.90755706,2258.20144473,20.087452,11.858,Good
57,87,260.11928635,2257.73864544,11.478544,6.776,Good
58,86,182.25765613,2257.28441559,114.78544,38.962,Good
58,88,94.19815509,2256.80673711,17.217816,6.776,Good
59,74,1154.92714276,2216.40014322,539.159148,52.638,F29 Silicon powder
59,86,487.73292673,2258.50766555,17.217816,10.164,Good
59,86,507.21834537,2257.66047298,60.262356,22.022,Good
59,86,1085.85055984,2258.50766555,31.565996,18.634,Good
59,86,1278.72728315,2259.07423502,17.217816,10.164,Good
59,88,531.05139991,2255.14925682,54.523084,20.328,F07 Incoming microlens periphery peeling
59,88,537.82893683,2256.84364196,71.7409,32.186,F07 Incoming microlens periphery peeling
60,87,618.08169932,2258.01601766,14.34818,8.47,Good
60,88,1281.13177948,2256.94578275,8.608908,5.082,Good
61,86,388.5695633,2256.54590257,22.957088,10.164,Good
61,86,542.75852821,2257.39309514,17.217816,10.164,Good
61,86,1113.76601365,2257.39309514,34.435632,20.328,Good
61,86,1315.39773699,2259.08748028,22.957088,13.552,Good
61,88,1310.0262749,2258.07388376,22.957088,11.858,Good
62,14,383.28380431,1574.09142403,175.047796,10.164,Good
63,76,1125.51423273,2218.79105896,628.538472,50.94,F29 Silicon powder
63,86,1160.5436512,2258.98321778,14.34818,8.47,Good
63,86,1169.86276447,2258.98321778,11.478544,6.776,Good
63,87,532.33880311,2258.86157194,8.608908,5.082,Good
64,86,335.72894006,2258.62862541,8.608908,5.082,Good
64,111,1247.81988497,2258.25780046,11.478544,6.776,Good
65,86,186.51927697,2258.598432,34.435632,20.328,Good
65,87,1122.02579575,2218.88580331,481.495068,44.148,F29 Silicon powder
66,66,162.30435544,59.74050429,389.23254,33.96,F29 Silicon powder
66,76,1157.6897856,2219.69337882,294.086808,30.564,F29 Silicon powder
67,86,437.82952835,2258.50415304,11.478544,6.776,Good
68,14,22.90277902,1994.65061904,121.094568,5.094,Good
68,16,21.9215072,2238.20935251,132.627384,5.094,Good
68,86,495.95780414,2256.63203448,146.351436,37.268,F07 Incoming microlens periphery peeling
68,88,482.64936525,2258.73623957,11.478544,6.776,Good
71,49,164.42869467,60.12589929,493.027884,40.752,F29 Silicon powder
72,72,1146.07804664,2219.62651298,472.845456,47.544,F29 Silicon powder
72,92,1298.77850824,23.03562665,256.605156,56.034,Good
73,16,1307.87193364,2252.79224345,135.510588,28.866,Good
73,85,1159.75230889,2219.62463031,296.970012,30.564,F29 Silicon powder
74,15,36.61122719,22.95864147,158.57622,30.564,Good
74,37,36.73205206,21.87373426,144.1602,32.262,Good
74,46,175.86454199,59.83748569,397.882152,33.96,F29 Silicon powder
77,86,1065.06560346,2258.11943479,40.174904,23.716,Good
78,38,142.4563587,22.09139532,72.0801,15.282,Good
78,86,790.07843483,2257.3332187,28.69636,16.94,Good
78,87,1144.98116682,2218.97109335,452.663028,39.054,F29 Silicon powder
81,56,176.96948255,62.13850666,268.137972,22.074,F29 Silicon powder
82,86,809.41820794,2256.07404201,17.217816,10.164,Good
82,86,840.76431619,2256.07404201,8.608908,5.082,Good
83,86,664.21629209,2258.48130519,17.217816,10.164,Good
83,86,1268.05642818,2255.75629121,80.349808,22.022,Good
83,86,1284.15307836,2257.45067636,11.478544,6.776,Good
84,55,190.17551353,61.71787044,380.582928,27.168,F29 Silicon powder
84,86,790.75193957,2258.68745061,22.957088,13.552,Good
84,86,1310.92789811,2259.53464318,11.478544,5.082,Good
85,60,173.79261446,61.22108987,400.765356,27.168,F29 Silicon powder
85,86,1300.33944974,2257.38020554,14.34818,8.47,Good
86,55,182.16576124,65.42809575,504.5607,30.564,F29 Silicon powder
86,88,331.45978288,2257.96252963,8.608908,5.082,Good
87,86,301.58080829,2258.57040054,31.565996,16.94,Good
87,86,420.18770438,2258.57040054,14.34818,8.47,Good
87,86,438.8259309,2258.57040054,17.217816,10.164,Good
87,88,331.23947429,2257.7455669,31.565996,16.94,Good
88,86,651.0566727,2258.1724208,8.608908,5.082,Good
88,86,876.63298747,2258.79857446,48.783812,28.798,Good
89,40,183.62908893,58.97186203,371.933316,30.564,F29 Silicon powder
89,53,185.04128521,58.87192974,386.349336,30.564,F29 Silicon powder
89,86,970.34396811,2256.73447408,37.305268,15.246,F07 Incoming microlens periphery peeling
90,14,21.32498249,1995.65747555,126.860976,5.094,Good
90,80,1144.44794189,2218.09876972,394.998948,35.658,F29 Silicon powder
90,84,320.15967009,2256.1730759,57.39272,20.328,Good
90,86,35.74947368,2259.53324737,8.608908,5.082,Good
90,92,22.27390936,208.06360977,406.531764,5.094,Good
90,103,23.02073362,208.4304406,449.779824,5.094,Good
90,114,22.18460322,207.31429188,449.779824,5.094,Good
90,121,208.39680628,2257.84670273,8.608908,5.082,Good
91,14,172.11153007,59.62666118,265.254768,25.47,F29 Silicon powder
92,9,176.00854325,60.33495243,328.685256,27.168,F29 Silicon powder
92,56,182.18199807,59.18668348,322.918848,32.262,F29 Silicon powder
92,87,1322.34948825,2258.10664691,34.435632,10.164,Good
93,33,190.34553473,59.88296373,325.802052,30.564,F29 Silicon powder
93,45,187.300342,58.93121862,325.802052,25.47,F29 Silicon powder
94,60,180.94960031,60.12981788,314.269236,30.564,F29 Silicon powder
94,108,632.52322421,22.031658,282.553992,47.544,Good
94,108,764.96190529,22.031658,152.809812,27.168,Good
94,114,833.71425315,22.84985389,585.290412,115.464,Good
94,119,633.25578191,21.825058,224.889912,47.544,Good
94,119,783.52274698,21.825058,233.539524,45.846,Good
95,11,171.01532425,59.25063864,233.539524,25.47,F29 Silicon powder
96,60,54.36180404,2254.79003988,11.478544,3.388,F07 Incoming microlens periphery peeling
96,81,1155.74404754,2218.21136711,253.721952,25.47,F29 Silicon powder
96,86,1086.57473195,2258.42592224,8.608908,5.082,Good
96,86,1104.36576636,2258.42592224,34.435632,20.328,Good
96,86,1168.6038467,2218.16894816,345.98448,33.96,Good
97,86,1193.64899842,2257.28120593,20.087452,11.858,Good
99,86,710.10342825,2258.39389109,14.34818,8.47,Good
99,86,1012.55101326,2258.39389109,11.478544,6.776,Good
99,86,1104.66858756,2259.86029242,60.262356,35.574,Good
99,86,1255.46878401,2259.01309985,34.435632,11.858,Good
100,41,185.67304646,58.61568014,363.283704,32.262,F29 Silicon powder
100,58,182.89917975,60.8520396,412.298172,32.262,F29 Silicon powder
100,73,176.35354851,58.76260242,429.597396,37.356,F29 Silicon powder
100,86,591.84182865,2256.09428672,74.610536,23.716,F07 Incoming microlens periphery peeling
101,44,183.38017818,58.84125643,302.73642,25.47,F29 Silicon powder
101,86,814.17837143,2257.38934791,17.217816,10.164,Good
102,86,788.51555423,2259.55588783,8.608908,5.082,Good
103,16,182.30850247,60.10515349,331.56846,25.47,F29 Silicon powder
103,86,1163.31664554,2258.4806638,40.174904,15.246,Good
103,86,1314.11684199,2260.17504894,37.305268,8.47,Good
103,86,1325.13033949,2258.4806638,22.957088,6.776,Good
103,89,1323.66074779,2259.61362404,11.478544,5.082,Good
104,86,900.42811926,2256.30699524,17.217816,6.776,Good
104,86,916.52476944,2257.15418781,20.087452,11.858,Good
104,86,1266.41511289,2257.15418781,22.957088,13.552,Good
105,23,186.84367408,59.1582175,357.517296,33.96,F29 Silicon powder
105,52,193.6156105,60.37257804,386.349336,33.96,F29 Silicon powder
105,86,1125.68542498,2257.77057482,25.826724,15.246,Good
107,86,452.58654508,2257.92138464,25.826724,15.246,Good
108,91,1165.40410851,2211.71897384,420.947784,23.772,F29 Silicon powder
109,87,280.1792717,2258.28102654,11.478544,6.776,Good
110,57,1324.99223355,1075.64201881,8.608908,1.694,Good
110,57,1324.99223355,1089.19709997,8.608908,1.694,Good
110,57,1324.99223355,1095.97464055,8.608908,1.694,Good
110,57,1324.99223355,1106.98814399,17.217816,1.694,Good
110,86,61.30493483,2259.8105706,54.523084,32.186,Good
111,49,183.93873005,60.80773189,337.334868,22.074,F29 Silicon powder
112,3,22.00976946,1994.97518273,126.860976,5.094,Good
112,4,21.72732298,208.1894181,444.013416,5.094,Good
112,15,21.61020551,208.40905779,444.013416,5.094,Good
112,69,22.55126831,1143.80071337,31.565996,3.388,F07 Incoming microlens periphery peeling
113,24,187.19500758,59.02423033,256.605156,27.168,F29 Silicon powder
113,63,1200.95139569,2218.15403226,740.983428,64.524,F29 Silicon powder
113,95,1164.32642918,2217.33543171,371.933316,32.262,F29 Silicon powder
114,21,690.63764563,2257.3448132,11.478544,6.776,Good
115,62,186.17565847,57.99820341,507.443904,40.752,F29 Silicon powder
115,63,1182.49721743,2215.45742438,334.451664,25.47,F29 Silicon powder
116,9,632.04934299,22.83787577,299.853216,47.544,Good
116,10,776.44309701,2252.19931325,31.715244,8.49,Good
116,10,785.78172195,2252.19931325,34.598448,6.792,Good
116,15,808.63894769,23.29649865,377.699724,67.92,Good
116,20,632.63268628,22.64768291,259.48836,47.544,Good
116,20,782.05068545,22.64768291,265.254768,47.544,Good
116,21,777.05001183,2253.37772685,34.598448,8.49,Good
116,21,795.1494332,2251.82166767,34.598448,6.792,Good
117,27,1320.44579132,2255.12917014,14.34818,3.388,F07 Incoming microlens periphery peeling
117,59,142.60270421,22.79562756,588.173616,95.088,Good
117,70,173.56596747,21.76009265,789.997896,157.914,Good
117,76,1189.13790389,2217.87516796,245.07234,23.772,F29 Silicon powder
117,81,174.20323468,22.66483999,815.946732,159.612,Good
117,81,413.61161971,22.66483999,821.71314,159.612,Good
117,81,582.55583467,22.66483999,86.49612,15.282,Good
117,92,173.32407624,22.37639063,882.260424,157.914,Good
117,92,413.58142718,22.37639063,971.639748,159.612,Good
117,92,653.83877811,22.37639063,899.559648,157.914,Good
117,93,652.70553569,2251.90045468,740.983428,159.612,Good
117,103,174.0853323,22.20702265,784.231488,157.914,Good
117,103,414.34268324,22.20702265,738.100224,159.612,Good
117,114,1108.52026426,22.28258325,501.677496,106.974,Good
117,115,1134.24064303,2252.29053589,740.983428,157.914,Good
118,5,53.02331289,2253.57290979,11.478544,3.388,F07 Incoming microlens periphery peeling
118,11,193.7936059,61.1185399,354.634092,25.47,F29 Silicon powder
122,17,119.36410098,85.31125533,330.00814,30.492,F29 Silicon powder
123,70,1201.17740194,2219.41080991,394.998948,37.356,F29 Silicon powder
125,86,202.33323109,2257.88433912,28.69636,10.164,Good
125,86,341.27273793,2258.73153169,11.478544,6.776,Good
125,86,1099.50968076,2258.73153169,14.34818,8.47,Good
126,86,1313.66597053,2259.85442697,8.608908,5.082,Good
127,87,409.50907874,2256.35816003,31.565996,18.634,Good
127,87,428.14730527,2256.35816003,14.34818,8.47,Good
128,86,250.2023221,2258.63417996,22.957088,13.552,Good
128,86,556.03867557,2258.63417996,8.608908,5.082,Good
128,86,563.66340461,2258.63417996,11.478544,6.776,Good
129,66,1218.19456103,2217.46123732,288.3204,27.168,F29 Silicon powder
130,69,1224.94251462,2218.37509316,596.823228,57.732,F29 Silicon powder
130,88,192.19085849,2258.54535067,8.608908,5.082,Good
130,101,323.66879039,1290.99893777,479.229212,28.798,Good
130,101,324.03703709,1291.22664474,308.502828,27.168,Good
131,86,1156.97014092,2214.17865666,366.166908,27.168,F29 Silicon powder
132,63,1228.86922632,2217.91776134,435.363804,40.752,F29 Silicon powder
132,78,182.44555943,60.14155806,299.853216,25.47,F29 Silicon powder
132,86,485.47584972,2256.65552762,40.174904,16.94,Good
132,86,779.45151358,2256.65552762,57.39272,22.022,Good
133,69,1323.70354145,1644.60154594,14.34818,1.694,Good
134,25,21.18379878,1995.48963,121.094568,5.094,Good
135,92,1155.11331769,2218.6674072,322.918848,32.262,F29 Silicon powder
137,25,1312.86700031,19.67249089,11.478544,6.776,Good
137,80,1322.01558633,19.29130428,14.34818,8.47,Good
138,9,1324.82171231,1808.19896395,8.608908,1.694,Good
138,13,1324.95943609,2110.23749476,17.217816,1.694,Good
138,23,1324.77299976,2159.15329195,14.34818,1.694,Good
138,52,1325.84746918,2255.34270578,11.478544,1.694,Good
138,86,783.80996852,22.27781625,204.707484,40.752,Good
138,92,1092.49372997,22.35851959,715.034592,159.612,Good
138,103,1107.14010075,21.33909542,602.589636,129.048,Good
138,103,1289.66777019,22.1880611,345.98448,73.014,Good
138,110,1320.10535736,883.18828422,66.001628,6.776,Good
138,110,1321.56561183,880.23311148,86.49612,8.49,Good
138,114,1290.12097174,22.89388598,461.31264,73.014,Good
138,116,1287.9527762,22.2777804,233.539524,39.054,Good
139,16,1132.05322848,2252.16984149,781.348284,159.612,Good
139,26,1134.13269327,21.85634072,720.801,159.612,Good
139,27,1133.66513148,2252.82539601,761.165856,159.612,Good
139,54,1325.20683209,2252.46216522,34.435632,3.388,Good
140,8,1324.924669,2017.55656316,11.478544,1.694,Good
140,9,1323.88857925,1025.51667058,66.001628,3.388,F07 Incoming microlens periphery peeling
140,9,1323.88857925,1046.69648488,17.217816,3.388,F07 Incoming microlens periphery peeling
140,9,1323.88857925,1669.38302545,66.001628,3.388,F13 Pad area damage
140,9,1324.51618419,2014.82138461,8.608908,1.694,F13 Pad area damage
140,9,1324.73577137,1282.21601995,14.34818,1.694,F13 Pad area damage
140,9,1324.73577137,1685.47968432,11.478544,1.694,F13 Pad area damage
140,9,1324.73577137,1958.27569257,14.34818,1.694,F13 Pad area damage
140,10,1323.88475039,425.00907201,8.608908,1.694,F07 Incoming microlens periphery peeling
140,10,1325.57913462,25.13417793,17.217816,1.694,F07 Incoming microlens periphery peeling
140,17,1325.27915703,2191.85139804,17.217816,1.694,Good
140,18,1325.01796679,1860.56964379,20.087452,1.694,Good
140,23,1325.06098301,1378.6032597,17.217816,1.694,F07 Incoming microlens periphery peeling
140,24,1324.74116652,679.17472041,8.608908,1.694,Good
140,29,1324.13021909,1762.14135663,14.34818,1.694,Good
140,30,1324.21218638,1714.04287533,94.697988,3.388,F07 Incoming microlens periphery peeling
140,30,1325.05937849,1684.3911353,11.478544,1.694,F07 Incoming microlens periphery peeling
140,31,1323.76921419,671.49613387,45.914176,3.388,F13 Pad area damage
140,31,1324.14348268,2224.71591077,54.523084,3.388,F07 Incoming microlens periphery peeling
140,31,1324.6164063,689.28717789,17.217816,3.388,F13 Pad area damage
140,31,1324.78889248,1719.66102514,25.826724,1.694,F07 Incoming microlens periphery peeling
140,31,1326.68505903,2244.20133993,8.608908,1.694,F07 Incoming microlens periphery peeling
140,35,1323.7898301,1413.26661106,11.478544,1.694,Good
140,36,1323.9578924,1797.80271259,17.217816,1.694,Good
140,36,1323.9578924,2192.59445124,34.435632,1.694,Good
140,37,35.1061029,22.96953321,196.057872,32.262,Good
140,37,1324.8747802,1210.83086933,8.608908,1.694,F07 Incoming microlens periphery peeling
140,38,1324.8930175,1523.79269457,25.826724,1.694,Good
140,40,1323.81442754,2185.19801806,22.957088,3.388,Good
140,43,1324.496502,2067.54681102,48.783812,3.388,F07 Incoming microlens periphery peeling
140,48,37.57799072,21.62759547,161.459424,33.96,Good
140,51,1324.83693706,2102.01517142,11.478544,1.694,Good
140,59,35.97647334,22.29345015,152.809812,33.96,Good
140,59,1324.15023809,1965.05423792,14.34818,1.694,Good
140,61,1325.380996,2043.591688,11.478544,1.694,Good
140,64,1324.60387156,2008.83694511,20.087452,1.694,Good
140,67,1325.2381679,2114.8490995,22.957088,1.694,Good
140,70,37.48802419,23.45837394,167.225832,33.96,Good
140,70,1324.32735607,2096.9412313,20.087452,1.694,Good
140,71,1323.306007,861.88195963,17.217816,3.388,F07 Incoming microlens periphery peeling
140,71,1324.15319912,833.07741218,22.957088,1.694,F07 Incoming microlens periphery peeling
140,71,1324.15319912,2119.96292935,37.305268,1.694,Good
140,78,1322.88571515,839.27995316,25.826724,3.388,F07 Incoming microlens periphery peeling
140,79,1323.81349891,1249.51043051,25.826724,3.388,F07 Incoming microlens periphery peeling
140,79,1324.66069102,1895.9183631,63.131992,1.694,F07 Incoming microlens periphery peeling
140,81,38.01501557,21.92755489,147.043404,32.262,Good
140,91,998.62834131,22.4283126,239.305932,47.544,Good
140,105,1324.76748026,1707.17546662,8.608908,1.694,Good
140,115,55.13164084,2256.04676419,22.957088,5.082,F07 Incoming microlens periphery peeling
141,15,1324.1632938,2041.27503688,14.34818,1.694,Good
141,31,1323.37708624,2085.38466145,45.914176,3.388,Good
141,36,1324.46105936,1641.14079308,25.826724,1.694,Good
141,56,1324.69843642,1994.91413195,25.826724,3.388,F07 Incoming microlens periphery peeling
141,63,1325.31893134,2078.21113856,31.565996,1.694,Good
141,72,1324.14211181,1605.43136602,20.087452,1.694,Good
141,80,1325.33686013,1974.92788959,17.217816,1.694,Good
141,84,1208.92791737,2218.26837206,325.802052,32.262,F29 Silicon powder
141,87,1324.99852895,902.17190855,8.608908,1.694,Good
141,90,1324.0039678,2062.84467909,20.087452,1.694,Good
141,100,1324.3353895,2054.58357911,17.217816,1.694,Good
141,101,1323.97039652,1322.64091407,8.608908,1.694,Good
141,102,1323.67387117,1814.40667555,71.7409,5.082,F07 Incoming microlens periphery peeling
141,102,1326.61445936,2255.44183848,8.608908,1.694,F07 Incoming microlens periphery peeling
141,107,1325.32131209,2197.17020311,8.608908,1.694,Good
141,107,1325.32131209,2205.64212883,8.608908,1.694,Good
141,109,1325.38631861,2089.77257821,17.217816,1.694,Good
141,113,1323.60758799,2098.0953601,60.262356,5.082,F07 Incoming microlens periphery peeling
141,113,1324.45478011,1928.65684566,60.262356,3.388,F07 Incoming microlens periphery peeling
142,9,400.82727492,2256.79123202,17.217816,5.082,Good
142,12,1323.17568553,875.17710152,45.914176,3.388,F07 Incoming microlens periphery peeling
142,49,1324.80281073,503.755784,14.34818,1.694,Good
142,88,1324.42679476,2025.31311684,11.478544,1.694,Good
142,94,1324.21303788,1130.27787129,11.478544,1.694,Good
142,101,1324.55711669,1451.36393119,8.608908,1.694,Good
142,102,1323.43649826,1452.64503651,14.34818,3.388,F07 Incoming microlens periphery peeling
142,116,1326.60106207,2245.76366005,11.478544,1.694,Good
143,12,1325.79670002,2255.98619993,11.478544,1.694,Good
143,22,1324.12603821,1929.48206392,14.34818,1.694,Good
143,28,1324.44394302,1972.31636906,25.826724,1.694,Good
143,28,1324.73653702,1638.4237343,8.608908,1.694,Good
143,34,1324.99333557,2059.30668179,14.34818,1.694,Good
143,40,1325.00547329,2128.72899997,20.087452,1.694,Good
143,50,1327.14102209,2245.11178149,17.217816,1.694,Good
143,56,1323.71887827,1431.67450709,8.608908,1.694,F13 Pad area damage
143,56,1325.60187608,113.06521985,22.957088,1.694,F07 Incoming microlens periphery peeling
143,72,1324.46963528,1819.86798262,22.957088,1.694,Good
143,81,1324.23588162,1153.35558179,48.783812,3.388,F07 Incoming microlens periphery peeling
143,84,1325.88964758,1615.46951607,11.478544,1.694,Good
143,86,237.71688986,2257.39199186,43.04454,25.41,Good
143,86,518.98467201,2257.39199186,48.783812,28.798,Good
143,90,1325.62708086,524.65914118,22.957088,1.694,F07 Incoming microlens periphery peeling
143,92,1325.48743385,2138.50758652,11.478544,1.694,Good
143,94,1324.70713795,2251.36629873,57.39272,5.082,Good
143,95,1324.25788314,1524.61393972,11.478544,1.694,Good
143,98,1324.99951981,2231.37079679,17.217816,1.694,Good
143,98,1326.69390404,2245.77307052,8.608908,1.694,Good
143,111,1325.33674881,1243.67069944,11.478544,1.694,Good
144,82,143.82140934,21.66681224,80.729712,16.98,Good
144,85,1312.25757368,2259.24864856,11.478544,6.776,Good
144,85,1324.9654554,2258.40145599,11.478544,5.082,Good
144,86,744.02490086,2255.30033078,60.262356,20.328,F07 Incoming microlens periphery peeling
144,86,755.03839835,2256.14752335,25.826724,11.858,F07 Incoming microlens periphery peeling
144,86,774.52381699,2255.30033078,17.217816,6.776,F07 Incoming microlens periphery peeling
144,93,1324.13952857,2027.15019652,17.217816,1.694,Good
144,95,1325.12173029,360.5466913,11.478544,1.694,Good
144,96,1323.45252296,1184.50577721,71.7409,5.082,F07 Incoming microlens periphery peeling
144,96,1325.14690719,1210.76874695,14.34818,3.388,F07 Incoming microlens periphery peeling
144,96,1325.14690719,2001.19941681,14.34818,1.694,F13 Pad area damage
144,97,1322.86893703,1938.17993972,157.82998,5.082,F07 Incoming microlens periphery peeling
144,97,1324.29990038,1008.76679807,17.217816,1.694,F13 Pad area damage
144,97,1324.56332126,1894.12592597,22.957088,1.694,F07 Incoming microlens periphery peeling
144,99,1324.6680827,1712.7559274,37.305268,1.694,Good
144,100,1323.06800098,1082.88712909,22.957088,3.388,F07 Incoming microlens periphery peeling
144,100,1323.60239741,396.1234757,20.087452,1.694,F07 Incoming microlens periphery peeling
144,100,1323.91519309,2190.16782096,20.087452,1.694,F13 Pad area damage
144,100,1324.43505471,1686.92188017,37.305268,1.694,Good
144,100,1324.43505471,1836.87496545,40.174904,1.694,Good
144,101,1323.64704626,2090.48497214,8.608908,1.694,Good
144,101,1323.64704626,2131.15021561,123.394348,1.694,Good
144,101,1323.64704626,2225.18859112,37.305268,1.694,Good
144,101,1324.49423838,2257.38190887,17.217816,3.388,Good
144,101,1325.34143049,2244.67402028,11.478544,1.694,Good
144,102,1324.18009774,916.37622193,25.826724,3.388,F07 Incoming microlens periphery peeling
144,102,1324.18009774,1993.15798119,34.435632,3.388,Good
144,102,1326.69797253,36.21229223,8.608908,1.694,F13 Pad area damage
144,103,1324.94351545,974.75481464,8.608908,1.694,Good
144,104,1322.34280396,1026.99421343,22.957088,3.388,F07 Incoming microlens periphery peeling
144,104,1323.18999608,1392.13421205,11.478544,1.694,F07 Incoming microlens periphery peeling
144,105,1323.56484038,893.19302004,14.34818,1.694,Good
144,106,1323.53420039,1622.56725366,37.305268,1.694,Good
144,111,1324.27866016,1751.0347822,14.34818,1.694,Good
144,111,1324.27866016,2002.65097614,40.174904,1.694,Good
144,111,1325.69893541,2252.59812015,43.04454,3.388,Good
144,113,1323.91728541,1849.95869342,20.087452,1.694,Good
145,86,896.8209706,2258.46124241,11.478544,6.776,Good
145,86,916.59393914,2257.22153426,11.478544,6.776,Good
146,86,217.35006675,2257.87661908,20.087452,11.858,Good
146,86,725.07373013,2257.62156695,20.087452,11.858,Good
147,86,36.05025377,2258.81789305,8.608908,5.082,Good
147,86,90.06085731,2257.9749457,8.608908,5.082,Good
148,55,1171.75350147,2216.85727973,259.48836,25.47,F29 Silicon powder
148,83,1179.15210664,2217.73591657,377.699724,33.96,F29 Silicon powder
149,86,1317.69037936,2260.52718137,11.478544,6.776,Good
150,86,679.23724518,2258.20166228,8.608908,5.082,Good
151,68,1211.79961525,2219.17898509,544.925556,45.846,F29 Silicon powder
152,86,1206.09800327,2218.50773992,265.254768,25.47,F29 Silicon powder
153,86,836.35412686,2258.22032733,37.305268,18.634,Good
154,63,1182.90374746,2218.08177028,322.918848,32.262,F29 Silicon powder
154,86,359.40699182,2257.51711151,11.478544,6.776,Good
155,84,1185.19199902,2216.97937384,296.970012,28.866,F29 Silicon powder
155,86,436.15787635,2257.64056431,14.34818,8.47,Good
155,86,860.60112591,2256.79337174,28.69636,10.164,Good
156,103,21.89648818,208.74969035,444.013416,5.094,Good
156,112,439.48971249,22.67862871,236.422728,45.846,Good
156,112,622.01738193,22.67862871,152.809812,28.866,Good
156,113,22.54284029,1135.65089034,22.957088,1.694,F07 Incoming microlens periphery peeling
158,30,1314.39636321,2233.13968442,43.04454,10.164,Good
159,38,445.62368265,21.52654748,74.963304,16.98,Good
160,15,1289.3802082,23.05173341,337.334868,73.014,Good
160,87,166.05460602,2255.68643558,71.7409,18.634,Good
160,97,167.09387255,23.19791269,98.028936,16.98,Good
160,108,182.67082965,23.51744553,262.371564,47.544,Good
161,37,213.37736322,21.69428883,363.283704,78.108,Good
161,81,1132.08954066,23.19150509,781.348284,157.914,Good
161,81,1309.52341468,22.34253941,161.459424,33.96,Good
161,88,420.85194807,2259.53311724,14.34818,8.47,Good
161,88,429.32386922,2259.53311724,8.608908,5.082,Good
161,92,1172.79644245,23.28102078,539.159148,89.994,Good
161,92,1309.47995305,23.28102078,204.707484,33.96,Good
162,86,1084.85075563,2257.22924898,11.478544,6.776,Good
163,76,707.30420217,22.48133899,472.845456,98.484,Good
163,76,932.28016682,23.33030467,227.773116,45.846,Good
163,87,1082.37519193,22.73599836,282.553992,47.544,Good
166,86,219.27031502,2256.92801976,14.34818,8.47,Good
167,65,1183.93409974,2218.40388041,475.72866,37.356,F29 Silicon powder
167,84,223.15863022,2256.09082323,31.565996,15.246,Good
167,86,25.27358382,2258.60233161,20.087452,8.47,Good
168,86,37.64414691,2259.55577623,43.04454,16.94,Good
169,86,152.60850859,2257.24557512,109.046168,28.798,Good
171,36,1176.29331989,2220.08984448,247.955544,27.168,F29 Silicon powder
171,86,1239.14136446,2255.84528029,34.435632,18.634,Good
172,86,1311.67825057,2260.19708953,11.478544,6.776,Good
173,86,65.99141204,2257.16501166,8.608908,5.082,Good
174,37,1186.80215379,2218.41440113,302.73642,25.47,F29 Silicon powder
174,86,1320.21596783,2257.87881416,17.217816,10.164,Good
175,51,1229.36370195,2257.95640171,20.087452,8.47,Good
175,86,34.86821856,2259.38874324,31.565996,16.94,Good
178,26,22.62379759,208.62467608,446.89662,5.094,Good
178,27,21.6367564,1188.5517025,400.765356,5.094,Good
178,31,21.49085311,153.2273931,247.955544,5.094,Good
178,37,21.75264453,247.76859306,34.598448,5.094,Good
178,37,22.92403789,207.50561471,449.779824,5.094,Good
178,59,22.58491077,208.25203858,452.663028,5.094,Good
179,87,327.38562679,2258.48600402,11.478544,5.082,Good
179,95,449.30181968,23.04294304,259.48836,45.846,Good
182,31,182.82646507,23.30000633,262.371564,47.544,Good
182,31,631.92942848,23.30000633,302.73642,47.544,Good
182,32,787.41915398,2252.87996926,34.598448,6.792,Good
182,32,795.90881302,2252.87996926,31.715244,6.792,Good
182,38,852.0873648,2253.05709421,804.413916,159.612,Good
182,38,1091.49574983,2253.05709421,795.764304,159.612,Good
182,42,632.15043072,23.15213053,302.73642,47.544,Good
182,42,781.56842989,23.15213053,311.386032,47.544,Good
182,48,854.40507945,22.08831939,873.610812,157.914,Good
182,49,852.58264777,2253.11499515,766.932264,157.914,Good
182,53,781.63281239,22.64021588,233.539524,47.544,Good
182,60,925.40576692,2252.52371494,66.313692,15.282,Good
182,60,1093.50101598,2252.52371494,749.63304,157.914,Good
182,64,631.53934147,21.51177623,224.889912,45.846,Good
182,64,781.80630654,21.51177623,236.422728,47.544,Good
182,71,1145.08571736,2252.50039156,345.98448,67.92,Good
182,71,1290.48870162,2251.80536776,351.750888,73.014,Good
182,75,781.58562109,22.42705312,230.65632,47.544,Good
182,82,1315.23514546,2252.94297422,103.795344,22.074,Good
183,49,1315.35559207,2256.56663342,34.435632,6.776,F07 Incoming microlens periphery peeling
183,81,104.4486424,22.60231639,141.276996,23.772,Good
183,92,173.01374233,23.22074085,1026.420624,159.612,Good
183,94,135.97052304,22.60858086,239.305932,47.544,Good
184,27,52.320802,2255.04062761,17.217816,3.388,F07 Incoming microlens periphery peeling
184,76,1288.30293902,22.29441167,147.043404,32.262,Good
184,82,54.1188129,2256.53336053,17.217816,3.388,F07 Incoming microlens periphery peeling
184,86,1057.24021057,2259.06242878,28.69636,16.94,F07 Incoming microlens periphery peeling
184,86,1077.57282133,2258.21523621,54.523084,20.328,F07 Incoming microlens periphery peeling
187,57,1214.07047369,2219.13524082,438.247008,42.45,F29 Silicon powder
189,86,1317.51975684,2256.27154104,74.610536,18.634,Good
190,86,94.09923778,2258.55325756,8.608908,5.082,Good
190,86,461.44101681,2257.74728071,8.608908,5.082,Good
190,86,641.04574516,2257.74728071,20.087452,11.858,Good
190,86,715.59865127,2257.74728071,37.305268,18.634,Good
191,84,738.12597424,35.22010181,43.04454,13.552,Good
191,84,776.24961941,23.3594058,11.478544,5.082,Good
191,86,487.50279613,2258.76375842,25.826724,15.246,Good
191,86,658.63560334,2258.76375842,8.608908,5.082,Good
193,86,25.97774282,2257.95324736,28.69636,15.246,Good
193,86,34.44966397,2258.80043994,14.34818,8.47,Good
193,86,436.01872643,2257.10605479,88.958716,35.574,Good
193,86,481.35471869,2257.56438586,8.608908,5.082,Good
193,86,859.20240193,2257.56438586,8.608908,5.082,Good
194,86,363.26589856,2257.54472756,11.478544,6.776,Good
194,86,1231.63781632,2257.54472756,8.608908,5.082,Good
196,48,1322.91703595,509.008086,71.7409,6.776,Good
198,51,1324.88705905,421.64211543,17.217816,3.388,Good
